Page URL,Page Title,ILR,Raw ILR,Unique Pageviews,Crawl Depth,HTTP Status Code,"Page (HTML) Load Time, sec",Schema.org (Microdata),Schema.org (JSON-LD),Open Graph,Twitter Cards,Microformats,Canonicalization,In sitemap,Incoming Internal Links,Outgoing Internal Links,Outgoing External Links,AMP link,Hreflang Links,Hreflang Issues,JS and CSS Number,"JS and CSS Size, KB",Issues,Description,Blocked AI search bots
https://dienmayelc.com.vn/,"Điện máy ELC - Siêu thị máy lạnh & Giải pháp không khí chính hãng, giá tốt",100,0.009593257636439041,n/a,0,200,0.08,0,1,1,1,0,Self-canonical,0,95,105,4,0,-,-,30,452,5,"điện máy elc - hệ thống cung cấp máy lạnh chính hãng, máy lọc không khí và giải pháp điều hòa trung tâm vrv/vrf. cam kết giá rẻ nhất thị trường, lắp đặt chuyên nghiệp, bảo hành dài hạn.",Google-Extended
https://dienmayelc.com.vn/cdn-cgi/l/email-protection,,-,0.009583822843742613,n/a,1,404,0.006,0,0,0,0,0,-,0,94,0,0,0,-,-,0,0,1,-,Google-Extended
https://dienmayelc.com.vn/chinh-sach-bao-hanh-san-pham,Chính sách bảo hành sản phẩm | Điện máy ELC,48,0.009529751717089112,n/a,1,200,1.513,0,1,1,1,0,Canonical to other page,1,93,86,4,0,-,-,25,402,2,chính sách bảo hành sản phẩm,Google-Extended
https://dienmayelc.com.vn/chinh-sach-doi-tra-va-hoan-tien,Chính sách đổi trả và hoàn tiền | Điện máy ELC,52,0.009530342492660063,n/a,1,200,1.515,0,1,1,1,0,Canonical to other page,1,93,87,4,0,-,-,25,402,3,chính sách đổi trả và hoàn tiền,Google-Extended
https://dienmayelc.com.vn/dich-vu,Dịch vụ chuyên nghiệp | Điện máy ELC,48,0.009529751717089112,n/a,1,200,1.415,0,1,1,1,0,Canonical to other page,1,93,86,4,0,-,-,34,544,2,"giải pháp chuyên nghiệp dành cho hệ thống lạnh công nghiệp, điều hòa trung tâm và bảo trì hệ thống.",Google-Extended
https://dienmayelc.com.vn/du-an,Dự án Thi công lắp đặt máy lạnh & hệ thống HVAC | Điện máy ELC,61,0.009531486143394406,n/a,1,200,2.076,0,1,1,1,0,Self-canonical,1,93,89,4,0,-,-,28,424,2,"tổng hợp các dự án, công trình thi công lắp đặt máy lạnh, hệ thống điều hòa không khí trung tâm vrv/vrf và hvac tiêu biểu do điện máy elc thực hiện toàn quốc.",Google-Extended
https://dienmayelc.com.vn/du-an/biet-thu,Giải pháp điều hòa và nhà thông minh cho biệt thự | Điện máy ELC,57,0.009530920498221091,n/a,1,200,1.809,0,1,1,1,0,Self-canonical,1,93,88,4,0,-,-,28,424,2,"tích hợp điều hòa không khí, cấp khí tươi và smart home mang đến không gian sống tiện nghi, hiện đại và đẳng cấp..",Google-Extended
https://dienmayelc.com.vn/du-an/co-so-kinh-doanh,Giải pháp điều hòa cho cửa hàng và cơ sở kinh doanh | Điện máy ELC,65,0.009532039820468317,n/a,1,200,3.35,0,1,1,1,0,Self-canonical,1,93,90,4,0,-,-,28,424,3,"thiết kế hệ thống điều hòa không khí phù hợp từng mô hình kinh doanh, tối ưu chi phí vận hành và trải nghiệm khách hàng.",Google-Extended
https://dienmayelc.com.vn/du-an/cong-trinh-cong-nghiep,Giải pháp điều hòa và thông gió cho công trình công nghiệp | Điện máy ELC,61,0.009531486143394406,n/a,1,200,1.509,0,1,1,1,0,Self-canonical,1,93,89,4,0,-,-,28,424,2,"hệ thống hvac, thông gió và cấp khí tươi cho nhà máy, xưởng sản xuất, đảm bảo môi trường làm việc ổn định.",Google-Extended
https://dienmayelc.com.vn/du-an/dien-may-elc-hoan-thanh-he-thong-dieu-hoa-am-tran-cassette-cho-nha-hang-tai-phu-quoc-kien-giang,ELC Thi Công Điều Hòa Âm Trần Cassette Cho Nhà Hàng Phú Quốc | Điện máy ELC,48,0.009529751717089112,n/a,1,200,2.028,0,1,1,1,0,Self-canonical,1,93,86,4,0,-,-,28,424,18,"dự án elc thi công hệ thống điều hòa âm trần cassette cho nhà hàng tại phú quốc, tối ưu hiệu quả làm mát và nâng cao trải nghiệm khách hàng.",Google-Extended
https://dienmayelc.com.vn/du-an/dien-may-elc-hoan-thanh-he-thong-dieu-hoa-am-tran-cassette-lg-cho-nha-hang-tiec-cuoi-viet-ha-ba-ria-vung-tau,ELC Thi Công Điều Hòa Âm Trần LG Cho Nhà Hàng Tiệc Cưới Việt Hà | Điện máy ELC,48,0.009529751717089112,n/a,1,200,1.628,0,1,1,1,0,Self-canonical,1,93,86,4,0,-,-,28,424,8,"elc hoàn thành hệ thống điều hòa âm trần cassette lg cho nhà hàng tiệc cưới việt hà tại bà rịa vũng tàu, đảm bảo làm mát hiệu quả và thẩm mỹ cao.",Google-Extended
https://dienmayelc.com.vn/du-an/dien-may-elc-hoan-thanh-he-thong-dieu-hoa-am-tran-daikin-cho-nha-pho-ket-hop-van-phong-tai-binh-tan-tphcm,ELC Thi Công Điều Hòa Âm Trần Daikin Cho Nhà Phố Văn Phòng | Điện máy ELC,48,0.009529751717089112,n/a,1,200,1.567,0,1,1,1,0,Self-canonical,1,93,86,4,0,-,-,28,424,16,"elc hoàn thành hệ thống điều hòa âm trần daikin cho nhà phố kết hợp văn phòng tại bình tân tp.hcm, đảm bảo làm mát hiệu quả và thẩm mỹ cao.",Google-Extended
https://dienmayelc.com.vn/du-an/dien-may-elc-hoan-thanh-he-thong-dieu-hoa-am-tran-daikin-cho-toa-nha-van-phong-tr-metro-view-thao-dien,ELC Thi Công Điều Hòa Âm Trần Daikin Cho Tòa Nhà TR Metro View | Điện máy ELC,48,0.009529751717089112,n/a,1,200,1.542,0,1,1,1,0,Self-canonical,1,93,86,4,0,-,-,28,424,23,"elc hoàn thành hệ thống điều hòa âm trần daikin cho tòa nhà văn phòng tr metro view thảo điền, đảm bảo làm mát hiệu quả và vận hành ổn định.",Google-Extended
https://dienmayelc.com.vn/du-an/dien-may-elc-hoan-thanh-he-thong-dieu-hoa-am-tran-lg-va-loc-cap-khi-tuoi-menred-hagisu-cho-can-ho-feliz-en-vista-quan-2,ELC Thi Công Điều Hòa Âm Trần LG Và Khí Tươi Cho Feliz En Vista | Điện máy ELC,48,0.009529751717089112,n/a,1,200,2.246,0,1,1,1,0,Self-canonical,1,93,86,4,0,-,-,28,424,13,"elc hoàn thành hệ thống điều hòa âm trần lg và lọc cấp khí tươi menred hagisu cho căn hộ feliz en vista, mang đến không gian sống trong lành.",Google-Extended
https://dienmayelc.com.vn/du-an/dien-may-elc-hoan-thanh-he-thong-dieu-hoa-daikin-loc-cap-khi-tuoi-menred-hagisu-cho-van-phong-lam-viec-tram-be-tong-nhua-bmt,ELC Thi Công Điều Hòa Daikin Và Khí Tươi Cho Văn Phòng BMT | Điện máy ELC,57,0.009530920498221091,n/a,1,200,1.525,0,1,1,1,0,Self-canonical,1,93,88,4,0,-,-,28,424,10,"elc hoàn thành hệ thống điều hòa daikin và lọc cấp khí tươi menred hagisu cho văn phòng trạm bê tông nhựa bmt, nâng cao tiện nghi và chất lượng không khí.",Google-Extended
https://dienmayelc.com.vn/du-an/dien-may-elc-hoan-thanh-he-thong-dieu-hoa-giau-tran-daikin-va-loc-cap-khi-tuoi-menred-hagisu-cho-nha-pho-nguyen-thong-quan-3,ELC Thi Công Điều Hòa Giấu Trần Daikin Và Khí Tươi Menred | Điện máy ELC,48,0.009529751717089112,n/a,1,200,1.516,0,1,1,1,0,Self-canonical,1,93,86,4,0,-,-,28,424,23,"elc hoàn thành hệ thống điều hòa giấu trần daikin và lọc cấp khí tươi menred hagisu cho nhà phố nguyễn thông quận 3, nâng cao tiện nghi và chất lượng không khí.",Google-Extended
https://dienmayelc.com.vn/du-an/dien-may-elc-hoan-thanh-he-thong-dieu-hoa-khong-khi-cho-clb-billiards-tuong-lai-tai-kien-giang,ELC Thi Công Điều Hòa Không Khí Cho CLB Billiards Tương Lai | Điện máy ELC,52,0.009530342492660063,n/a,1,200,1.579,0,1,1,1,0,Self-canonical,1,93,87,4,0,-,-,28,424,13,"elc hoàn thành hệ thống điều hòa không khí cho clb billiards tương lai tại kiên giang, đảm bảo không gian mát mẻ, thoải mái và vận hành ổn định.",Google-Extended
https://dienmayelc.com.vn/du-an/dien-may-elc-hoan-thanh-he-thong-dieu-hoa-khong-khi-va-khi-tuoi-cho-van-phong-dang-uy-phuong-long-phuoc,ELC Thi Công Điều Hòa Và Khí Tươi Cho Văn Phòng Đảng Ủy Long Phước | Điện máy ELC,52,0.009530342492660063,n/a,1,200,1.656,0,1,1,1,0,Self-canonical,1,93,87,4,0,-,-,28,424,14,"elc hoàn thành hệ thống điều hòa không khí và cấp khí tươi cho văn phòng đảng ủy phường long phước, nâng cao chất lượng môi trường làm việc.",Google-Extended
https://dienmayelc.com.vn/du-an/dien-may-elc-hoan-thanh-he-thong-dieu-hoa-multi-daikin-loc-cap-khi-tuoi-menred-hagisu-cho-nha-pho-tai-dinh-quan-dong-nai,ELC Thi Công Multi Daikin Và Khí Tươi Cho Nhà Phố Định Quán | Điện máy ELC,48,0.009529751717089112,n/a,1,200,1.539,0,1,1,1,0,Self-canonical,1,93,86,4,0,-,-,28,424,10,"elc hoàn thành hệ thống điều hòa multi daikin và lọc cấp khí tươi menred hagisu cho nhà phố tại định quán đồng nai, tối ưu tiện nghi và chất lượng không khí.",Google-Extended
https://dienmayelc.com.vn/du-an/dien-may-elc-hoan-thanh-he-thong-loc-cap-khi-tuoi-thu-hoi-nhiet-menred-hagisu-cho-biet-thu-centuria-vuon-lai-quan-12,ELC Lắp Đặt Khí Tươi Thu Hồi Nhiệt Cho Biệt Thự Centuria | Điện máy ELC,48,0.009529751717089112,n/a,1,200,1.551,0,1,1,1,0,Self-canonical,1,93,86,4,0,-,-,28,424,11,"elc hoàn thành hệ thống lọc cấp khí tươi thu hồi nhiệt menred hagisu cho biệt thự centuria vườn lài quận 12, nâng cao chất lượng không khí trong nhà.",Google-Extended
https://dienmayelc.com.vn/du-an/dien-may-elc-hoan-thanh-he-thong-loc-cap-khi-tuoi-thu-hoi-nhiet-menred-hagisu-cho-biet-thu-him-lam-quan-7,ELC Thi Công Khí Tươi Thu Hồi Nhiệt Cho Biệt Thự Him Lam Q7 | Điện máy ELC,52,0.009530342492660063,n/a,1,200,1.552,0,1,1,1,0,Self-canonical,1,93,87,4,0,-,-,28,424,16,"elc hoàn thành hệ thống lọc cấp khí tươi thu hồi nhiệt menred hagisu cho biệt thự him lam quận 7, nâng cao chất lượng không khí và tối ưu tiết kiệm năng lượng.",Google-Extended
https://dienmayelc.com.vn/du-an/dien-may-elc-hoan-thanh-he-thong-loc-cap-khi-tuoi-thu-hoi-nhiet-menred-hagisu-cho-khoi-van-phong-cong-ty-tnhh-che-bien-hai-san-trong-duc-ba-ria-vung-tau,ELC Thi Công Khí Tươi Menred Cho Văn Phòng Hải Sản Trọng Đức | Điện máy ELC,35,0.0053577328349892405,n/a,1,200,1.551,0,1,1,1,0,Self-canonical,1,4,88,4,0,-,-,28,424,15,elc hoàn thành hệ thống lọc cấp khí tươi thu hồi nhiệt menred hagisu cho khối văn phòng công ty tnhh chế biến hải sản trọng đức tại bà rịa vũng tàu.,Google-Extended
https://dienmayelc.com.vn/du-an/dien-may-elc-hoan-thanh-he-thong-loc-cap-khi-tuoi-thu-hoi-nhiet-menred-hagisu-cho-nha-pho-tai-an-lac-binh-tan,ELC Lắp Đặt Khí Tươi Thu Hồi Nhiệt Menred Cho Nhà Phố Bình Tân | Điện máy ELC,48,0.009529751717089112,n/a,1,200,1.642,0,1,1,1,0,Self-canonical,1,93,86,4,0,-,-,28,424,19,"elc hoàn thành hệ thống lọc cấp khí tươi thu hồi nhiệt menred hagisu cho nhà phố an lạc bình tân, giúp không gian sống trong lành và tiết kiệm năng lượng.",Google-Extended
https://dienmayelc.com.vn/du-an/dien-may-elc-hoan-thanh-he-thong-loc-cap-khi-tuoi-thu-hoi-nhiet-menred-hagisu-cho-phong-kham-da-khoa-sai-gon-medic-quan-3,ELC Thi Công Khí Tươi Thu Hồi Nhiệt Cho Sài Gòn Medic Quận 3 | Điện máy ELC,48,0.009529751717089112,n/a,1,200,1.769,0,1,1,1,0,Self-canonical,1,93,86,4,0,-,-,28,424,12,"dự án elc thi công hệ thống khí tươi thu hồi nhiệt menred hagisu cho phòng khám sài gòn medic quận 3, góp phần xây dựng môi trường y tế sạch và an toàn.",Google-Extended
https://dienmayelc.com.vn/du-an/dien-may-elc-hoan-thanh-he-thong-loc-cap-khi-tuoi-thu-hoi-nhiet-menred-hagisu-cho-van-phong-khu-xu-ly-rac-thai-toc-tien-ba-ria-vung-tau,ELC Thi Công Khí Tươi Thu Hồi Nhiệt Cho Văn Phòng Tóc Tiên | Điện máy ELC,57,0.009530920498221091,n/a,1,200,1.933,0,1,1,1,0,Self-canonical,1,93,88,4,0,-,-,28,424,13,elc hoàn thành hệ thống lọc cấp khí tươi thu hồi nhiệt menred hagisu cho văn phòng khu xử lý rác thải tóc tiên bà rịa vũng tàu,Google-Extended
https://dienmayelc.com.vn/du-an/dien-may-elc-hoan-thanh-he-thong-may-lanh-am-tran-cassette-daikin-inverter-cho-pho-cong-phu-nhuan,ELC Thi Công Máy Lạnh Âm Trần Daikin Cho Phố Cộng Phú Nhuận | Điện máy ELC,48,0.009529751717089112,n/a,1,200,1.53,0,1,1,1,0,Self-canonical,1,93,86,4,0,-,-,28,424,8,"elc hoàn thành hệ thống máy lạnh âm trần cassette daikin inverter cho phố cộng phú nhuận, đảm bảo làm mát hiệu quả, vận hành ổn định và thẩm mỹ cao.",Google-Extended
https://dienmayelc.com.vn/du-an/dien-may-elc-hoan-thanh-he-thong-may-lanh-am-tran-cassette-daikin-inverter-cho-phong-server-tai-tan-binh-tphcm,"Điện máy ELC hoàn thành hệ thống máy lạnh âm trần cassette Daikin Inverter cho phòng Server tại Tân Bình, TP.HCM | Điện máy ELC",96,0.009583822843742613,n/a,1,200,1.523,0,1,1,1,0,Canonical to other page,0,94,86,4,0,-,-,28,424,1,-,Google-Extended
https://dienmayelc.com.vn/du-an/dien-may-elc-hoan-thanh-he-thong-may-lanh-am-tran-cassette-daikin-inverter-cho-shophouse-akari-city-binh-tan,ELC Lắp Đặt Máy Lạnh Âm Trần Cassette Daikin Cho Akari City | Điện máy ELC,48,0.009529751717089112,n/a,1,200,1.634,0,1,1,1,0,Self-canonical,1,93,86,4,0,-,-,28,424,12,"elc hoàn thành lắp đặt hệ thống máy lạnh âm trần cassette daikin inverter cho shophouse akari city bình tân, đảm bảo làm mát hiệu quả và tiết kiệm điện.",Google-Extended
https://dienmayelc.com.vn/du-an/dien-may-elc-hoan-thanh-he-thong-may-lanh-daikin-likenew-cho-hoi-quan-nong-lam-dai-hoc-nong-lam-tpthu-duc,ELC Lắp Đặt Máy Lạnh Daikin Likenew Cho Hội Quán Nông Lâm | Điện máy ELC,57,0.009530920498221091,n/a,1,200,1.632,0,1,1,1,0,Self-canonical,1,93,87,5,0,-,-,28,424,12,"dự án elc lắp đặt máy lạnh daikin likenew cho hội quán nông lâm tp thủ đức, mang đến không gian mát mẻ, vận hành ổn định và tối ưu ngân sách đầu tư.",Google-Extended
https://dienmayelc.com.vn/du-an/dien-may-elc-hoan-thanh-he-thong-may-lanh-daikin-likenew-cho-nha-pho-tai-nhon-trach-dong-nai,ELC Lắp Đặt Máy Lạnh Daikin Likenew Cho Nhà Phố Nhơn Trạch | Điện máy ELC,48,0.009529751717089112,n/a,1,200,1.561,0,1,1,1,0,Self-canonical,1,93,86,4,0,-,-,28,424,10,"elc hoàn thành lắp đặt hệ thống máy lạnh daikin likenew cho nhà phố tại nhơn trạch đồng nai, đảm bảo làm mát hiệu quả và tối ưu chi phí đầu tư.",Google-Extended
https://dienmayelc.com.vn/du-an/dien-may-elc-hoan-thanh-he-thong-may-lanh-daikin-likenew-cho-trung-tam-hoi-nghi-tiec-cuoi-onni-house-to-ky-hoc-mon,ELC Lắp Đặt Hệ Thống Máy Lạnh Daikin Cho Onni House Hóc Môn | Điện máy ELC,48,0.009529751717089112,n/a,1,200,2.577,0,1,1,1,0,Self-canonical,1,93,86,4,0,-,-,28,424,18,"elc hoàn thành lắp đặt hệ thống máy lạnh daikin likenew cho trung tâm hội nghị tiệc cưới onni house tô ký, hóc môn, đảm bảo làm mát hiệu quả.",Google-Extended
https://dienmayelc.com.vn/du-an/dien-may-elc-hoan-thanh-he-thong-may-lanh-treo-tuong-panasonic-cho-nha-pho-tai-cat-lai-quan-2,ELC Lắp Đặt Máy Lạnh Treo Tường Panasonic Tại Nhà Phố Cát Lái | Điện máy ELC,48,0.009529751717089112,n/a,1,200,2.001,0,1,1,1,0,Self-canonical,1,93,86,4,0,-,-,28,424,10,"elc hoàn thành lắp đặt hệ thống máy lạnh treo tường panasonic cho nhà phố tại cát lái, quận 2, đảm bảo làm mát hiệu quả và tiết kiệm điện năng.",Google-Extended
https://dienmayelc.com.vn/du-an/dien-may-elc-hoan-thanh-lap-dat-he-thong-may-lanh-am-tran-cassette-daikin-inverter-cho-studio-tai-quan-2-tphcm,ELC Lắp Đặt Máy Lạnh Âm Trần Cassette Daikin Cho Studio Quận 2 | Điện máy ELC,48,0.009529751717089112,n/a,1,200,1.685,0,1,1,1,0,Self-canonical,1,93,86,4,0,-,-,28,424,7,"elc hoàn thành lắp đặt hệ thống máy lạnh âm trần cassette daikin inverter cho studio tại quận 2 tp.hcm, đảm bảo làm mát hiệu quả và thẩm mỹ cao.",Google-Extended
https://dienmayelc.com.vn/du-an/dien-may-elc-hoan-thanh-nang-cap-he-thong-dieu-hoa-va-khi-tuoi-cho-ubnd-phuong-long-phuoc-sau-sap-xep-don-vi-hanh-chinh,ELC Nâng Cấp Điều Hòa Và Khí Tươi Cho UBND Phường Long Phước | Điện máy ELC,52,0.009530342492660063,n/a,1,200,1.624,0,1,1,1,0,Self-canonical,1,93,87,4,0,-,-,28,424,19,"elc hoàn thành nâng cấp hệ thống điều hòa và khí tươi cho ubnd phường long phước, đáp ứng nhu cầu vận hành sau sắp xếp đơn vị hành chính.",Google-Extended
https://dienmayelc.com.vn/du-an/dieu-hoa-trung-tam-vrv-va-he-thong-cap-khi-tuoi-thu-hoi-nhiet-tai-villa-mr-vuong,ELC Thi Công VRV Và Khí Tươi Thu Hồi Nhiệt Cho Villa Mr Vương | Điện máy ELC,48,0.009529751717089112,n/a,1,200,1.572,0,1,1,1,0,Self-canonical,1,93,86,4,0,-,-,28,424,4,"elc hoàn thành hệ thống điều hòa trung tâm vrv và cấp khí tươi thu hồi nhiệt cho villa mr vương, mang đến không gian sống tiện nghi và tiết kiệm năng lượng.",Google-Extended
https://dienmayelc.com.vn/du-an/he-thong-dhkk-am-tran-va-cap-khi-tuoi-thu-hoi-nhiet-menred-hagisu-cho-nha-pho-mr-vu-quan-5,ELC Thi Công Điều Hòa Âm Trần Và Khí Tươi Cho Nhà Phố Quận 5 | Điện máy ELC,48,0.009529751717089112,n/a,1,200,1.635,0,1,1,1,0,Self-canonical,1,93,86,4,0,-,-,28,424,3,"elc hoàn thành hệ thống điều hòa không khí âm trần và cấp khí tươi thu hồi nhiệt menred hagisu cho nhà phố mr. vũ quận 5, tối ưu tiện nghi và không khí sạch.",Google-Extended
https://dienmayelc.com.vn/du-an/he-thong-dieu-hoa-khong-khi-va-he-thong-cap-khi-tuoi-thu-hoi-nhiet-menred-hagisu-tai-villa-tuyet-anh-mr-nam-cu-chi,ELC Thi Công Điều Hòa Và Khí Tươi Cho Villa Tuyết Anh Củ Chi | Điện máy ELC,17,0.0052815298051074825,n/a,1,200,1.519,0,1,1,1,0,Self-canonical,1,3,88,4,0,-,-,28,424,3,elc hoàn thành hệ thống điều hòa không khí và cấp khí tươi thu hồi nhiệt menred hagisu tại villa tuyết anh – mr. nam (củ chi),Google-Extended
https://dienmayelc.com.vn/du-an/he-thong-loc-khong-khi-trung-tam-cao-cap-tai-the-river-thu-thiem,ELC Thi Công Hệ Thống Lọc Không Khí Trung Tâm Tại The River | Điện máy ELC,48,0.009529751717089112,n/a,1,200,1.581,0,1,1,1,0,Self-canonical,1,93,86,4,0,-,-,28,424,3,"elc hoàn thành hệ thống lọc không khí trung tâm tại căn hộ the river thủ thiêm, mang đến không gian sống trong lành, sạch bụi và an toàn cho sức khỏe.",Google-Extended
https://dienmayelc.com.vn/du-an/lap-dat-he-thong-dieu-hoa-khong-khi-cho-cau-lac-bo-bida-hoang-sao-quan-tan-phu,ELC Thi Công Hệ Thống Điều Hòa Cho Câu Lạc Bộ Bida Hoàng Sao | Điện máy ELC,52,0.009530342492660063,n/a,1,200,1.522,0,1,1,1,0,Self-canonical,1,93,87,4,0,-,-,28,424,24,"elc hoàn thành lắp đặt hệ thống điều hòa không khí cho câu lạc bộ bida hoàng sao quận tân phú, đảm bảo không gian mát mẻ và vận hành ổn định.",Google-Extended
https://dienmayelc.com.vn/du-an/lap-dat-he-thong-dieu-hoa-khong-khi-cho-tham-my-vien-aura-tra-vinh,ELC Thi Công Hệ Thống Điều Hòa Cho Thẩm Mỹ Viện Aura Trà Vinh | Điện máy ELC,48,0.009529751717089112,n/a,1,200,1.562,0,1,1,1,0,Self-canonical,1,93,86,4,0,-,-,28,424,4,"elc hoàn thành lắp đặt hệ thống điều hòa không khí cho thẩm mỹ viện aura trà vinh, đảm bảo không gian mát mẻ, sang trọng và thoải mái.",Google-Extended
https://dienmayelc.com.vn/du-an/lap-dat-he-thong-dieu-hoa-khong-khi-he-thong-cap-khi-tuoi-biet-thu-pho-thu-dau-mot,Dự Án Điều Hòa Không Khí Và Cấp Khí Tươi Biệt Thự Thủ Dầu Một | Điện máy ELC,48,0.009529751717089112,n/a,1,200,1.944,0,1,1,1,0,Self-canonical,1,93,86,4,0,-,-,28,424,19,"elc hoàn thành lắp đặt hệ thống điều hòa không khí và cấp khí tươi cho biệt thự tại thủ dầu một, mang đến không gian sống mát mẻ, trong lành.",Google-Extended
https://dienmayelc.com.vn/du-an/lap-dat-he-thong-gio-tuoi-cho-can-ho-cao-cap-landmark-mr-son-quan-binh-thanh,ELC Lắp Đặt Hệ Thống Gió Tươi Cho Căn Hộ Landmark Bình Thạnh | Điện máy ELC,48,0.009529751717089112,n/a,1,200,2.246,0,1,1,1,0,Self-canonical,1,93,86,4,0,-,-,28,424,3,"elc hoàn thành lắp đặt hệ thống gió tươi cho căn hộ cao cấp landmark tại quận bình thạnh, nâng cao chất lượng không khí và sự tiện nghi.",Google-Extended
https://dienmayelc.com.vn/du-an/nghiem-thu-he-thong-loc-khong-khi-trung-tam-menred-s5-tai-can-ho-vista-verde,ELC Nghiệm Thu Hệ Thống Lọc Không Khí Menred S5 Vista Verde | Điện máy ELC,48,0.009529751717089112,n/a,1,200,1.512,0,1,1,1,0,Self-canonical,1,93,86,4,0,-,-,28,424,3,"elc nghiệm thu hệ thống lọc không khí trung tâm menred s5 tại căn hộ vista verde, giúp lọc bụi mịn, cấp khí sạch và nâng cao chất lượng không khí.",Google-Extended
https://dienmayelc.com.vn/du-an/nha-hang-trung-tam-tiec-cuoi,Lắp đặt máy lạnh trung tâm nhà hàng và trung tâm tiệc cưới | Điện máy ELC,52,0.009530342492660063,n/a,1,200,1.916,0,1,1,1,0,Self-canonical,1,93,87,4,0,-,-,28,424,2,"đảm bảo không gian mát mẻ, thông thoáng với hệ thống điều hòa và cấp khí tươi cho nhà hàng, trung tâm tiệc cưới.",Google-Extended
https://dienmayelc.com.vn/du-an/nha-pho,Giải pháp điều hòa và Smart Home cho nhà phố hiện đại | Điện máy ELC,48,0.009529751717089112,n/a,1,200,1.748,0,1,1,1,0,Self-canonical,1,93,86,4,0,-,-,28,424,2,"tích hợp điều hòa không khí, cấp khí tươi và nhà thông minh giúp nâng cao tiện nghi và chất lượng cuộc sống.",Google-Extended
https://dienmayelc.com.vn/du-an/thi-cong-he-thong-vrv-daikin-khi-tuoi-menred-hagisu-tai-villa-tan-truong-quan-7,ELC Thi Công Hệ Thống VRV Daikin Và Khí Tươi Tại Villa Quận 7 | Điện máy ELC,48,0.009529751717089112,n/a,1,200,1.52,0,1,1,1,0,Self-canonical,1,93,86,4,0,-,-,28,424,10,"elc hoàn thành hệ thống vrv daikin kết hợp khí tươi menred hagisu tại villa tấn trường quận 7, mang đến không gian sống tiện nghi và tiết kiệm năng lượng.",Google-Extended
https://dienmayelc.com.vn/du-an/thiet-ke-va-lap-dat-he-thong-dhkk-va-he-thong-loc-cap-khi-tuoi-hoi-nhiet-cho-villa-mrs-tham-tan-phu,ELC Thi Công Điều Hòa Và Khí Tươi Hồi Nhiệt Cho Villa Tân Phú | Điện máy ELC,30,0.005334706316722087,n/a,1,200,1.638,0,1,1,1,0,Self-canonical,1,4,88,4,0,-,-,28,424,4,elc thiết kế và lắp đặt hệ thống điều hòa không khí cùng hệ thống lọc cấp khí tươi hồi nhiệt cho villa mrs thắm tại tân phú.,Google-Extended
https://dienmayelc.com.vn/du-an/thiet-ke-va-thi-cong-lap-dat-he-thong-cap-khi-tuoi-thu-hoi-nhiet-loc-khong-khi-menred-hagisu-cho-can-ho-mr-vinh-quan-go-vap,ELC Thi Công Khí Tươi Menred Hagisu Cho Căn Hộ Mr. Vinh | Điện máy ELC,48,0.009529751717089112,n/a,1,200,1.544,0,1,1,1,0,Self-canonical,1,93,86,4,0,-,-,28,424,3,"elc thiết kế và thi công hệ thống cấp khí tươi thu hồi nhiệt, lọc không khí menred hagisu cho căn hộ mr. vinh tại gò vấp, nâng cao chất lượng không khí sống.",Google-Extended
https://dienmayelc.com.vn/du-an/thiet-ke-va-thi-cong-lap-dat-he-thong-dhkk-va-he-thong-loc-cap-khi-tuoi-hoi-nhiet-cho-toa-nha-da-nang-mr-dat-bien-hoa,ELC Hoàn Thành Hệ Thống HVAC Cho Tòa Nhà Đa Năng Biên Hòa | Điện máy ELC,48,0.009529751717089112,n/a,1,200,1.93,0,1,1,1,0,Self-canonical,1,93,86,4,0,-,-,28,424,3,"elc thiết kế và thi công hệ thống điều hòa không khí cùng hệ thống lọc, cấp khí tươi hồi nhiệt cho tòa nhà đa năng mr đạt tại biên hòa.",Google-Extended
https://dienmayelc.com.vn/du-an/tru-so-co-quan,Giải pháp điều hòa và thông gió cho trụ sở cơ quan | Điện máy ELC,52,0.009530342492660063,n/a,1,200,1.766,0,1,1,1,0,Self-canonical,1,93,87,4,0,-,-,28,424,2,"hệ thống điều hòa không khí, cấp khí tươi và quản lý thông minh giúp nâng cao môi trường làm việc và tiết kiệm năng lượng.",Google-Extended
https://dienmayelc.com.vn/du-an/van-phong,Giải pháp điều hòa và cấp khí tươi cho văn phòng | Điện máy ELC,48,0.009529751717089112,n/a,1,200,1.779,0,1,1,1,0,Self-canonical,1,93,86,4,0,-,-,28,424,2,"tối ưu chất lượng không khí, tiết kiệm năng lượng và nâng cao hiệu suất làm việc với hệ thống hvac hiện đại.",Google-Extended
https://dienmayelc.com.vn/du-an/vui-choi-giai-tri,Giải pháp điều hòa cho khu vui chơi và giải trí | Điện máy ELC,65,0.009532039820468317,n/a,1,200,1.885,0,1,1,1,0,Self-canonical,1,93,90,4,0,-,-,28,424,2,"hệ thống điều hòa không khí giúp duy trì môi trường thoải mái, nâng cao trải nghiệm khách hàng tại khu vui chơi và giải trí.",Google-Extended
https://dienmayelc.com.vn/du-an/y-te,Giải pháp điều hòa và lọc không khí cho cơ sở y tế | Điện máy ELC,48,0.009529751717089112,n/a,1,200,1.468,0,1,1,1,0,Self-canonical,1,93,86,4,0,-,-,28,424,2,"hệ thống điều hòa, lọc không khí và cấp khí tươi đáp ứng yêu cầu về môi trường sạch và kiểm soát chất lượng không khí.",Google-Extended
https://dienmayelc.com.vn/gioi-thieu-ve-dien-may-elc,Giới thiệu về Điện máy ELC | Điện máy ELC,48,0.009529751717089112,n/a,1,200,1.519,0,1,1,1,0,Canonical to other page,1,93,86,4,0,-,-,25,402,2,giới thiệu về điện máy elc,Google-Extended
https://dienmayelc.com.vn/llms.txt,,-,-,n/a,0,200,1.324,0,0,0,0,0,-,0,0,-,-,0,-,-,-,-,1,-,Google-Extended
https://dienmayelc.com.vn/quy-trinh-thi-cong-lap-dat-may-lanh-chuan-ky-thuat-tai-dien-may-elc,Quy trình thi công lắp đặt máy lạnh chuẩn kỹ thuật tại Điện máy ELC | Điện máy ELC,48,0.009529751717089112,n/a,1,200,1.535,0,1,1,1,0,Canonical to other page,1,93,86,4,0,-,-,25,402,3,quy trình thi công lắp đặt máy lạnh chuẩn kỹ thuật tại điện máy elc,Google-Extended
https://dienmayelc.com.vn/robots.txt,,-,-,n/a,0,200,0.347,0,0,0,0,0,-,0,0,-,-,0,-,-,-,-,1,-,n/a
https://dienmayelc.com.vn/san-pham,Danh sách sản phẩm Điện máy chính hãng | Điện máy ELC,87,0.00953743768335535,n/a,1,200,1.576,0,1,1,1,0,Self-canonical,1,93,101,4,0,-,-,29,431,2,"khám phá hàng ngàn sản phẩm điện máy chính hãng tại điện máy elc. máy lạnh, điều hòa, tủ lạnh, máy giặt giá tốt nhất, bảo hành uy tín.",Google-Extended
https://dienmayelc.com.vn/san-pham/bang-dieu-khien,Bảng điều khiển thông minh cho nhà ở và công trình hiện đại | Điện máy ELC,78,0.009533632724630614,n/a,1,200,1.555,0,1,1,1,0,Self-canonical,1,93,93,4,0,-,-,31,578,2,"bảng điều khiển trung tâm giúp quản lý thiết bị điện, chiếu sáng và các hệ thống thông minh một cách trực quan và tiện lợi.",Google-Extended
https://dienmayelc.com.vn/san-pham/bang-dieu-khien-tich-hop-thong-minh-dong-lux-bdkthtm,Bảng điều khiển Acis Tiêu chuẩn 500W/kênh. Dòng khởi động max = 6A. BDKTHTM Inverter | Điện máy ELC,22,0.005296610491017469,n/a,1,200,1.798,0,1,1,1,0,Self-canonical,1,3,93,4,0,-,-,31,578,4,"điện máy elc - chuyên cung cấp bảng điều khiển acis bdkthtm tiêu chuẩn 500w/kênh. dòng khởi động max = 6a. (500.6 ngựa - 500 ngựa rưỡi) chính hãng. máy lạnh giá tốt nhất thị trường, tiết kiệm điện vượt trội, hỗ trợ thi công lắp đặt máy lạnh chuyên nghiệ...",Google-Extended
https://dienmayelc.com.vn/san-pham/cam-bien-thong-minh,Cảm biến thông minh nâng cao an toàn và tự động hóa | Điện máy ELC,57,0.009530920498221091,n/a,1,200,1.514,0,1,1,1,0,Self-canonical,1,93,88,4,0,-,-,31,578,2,"cảm biến chuyển động, cửa từ, nhiệt độ và độ ẩm giúp tăng cường an ninh, tiết kiệm năng lượng và tự động hóa ngôi nhà.",Google-Extended
https://dienmayelc.com.vn/san-pham/cong-tac-thong-minh,Công tắc thông minh điều khiển thiết bị từ xa dễ dàng | Điện máy ELC,70,0.009532581905304522,n/a,1,200,1.652,0,1,1,1,0,Self-canonical,1,93,91,4,0,-,-,31,578,2,"công tắc thông minh hỗ trợ điều khiển bằng điện thoại, giọng nói và kịch bản tự động, nâng cao tiện nghi cho ngôi nhà.",Google-Extended
https://dienmayelc.com.vn/san-pham/cong-tac-thong-minh-tich-hop-man-hinh-cttm,Công tắc thông minh Acis Tiêu chuẩn 5A/kênh. Dòng khởi động max = 10A. CTTM Inverter | Điện máy ELC,26,0.005297661310343561,n/a,1,200,1.63,0,1,1,1,0,Self-canonical,1,3,91,4,0,-,-,31,578,4,"điện máy elc - chuyên cung cấp công tắc thông minh acis cttm tiêu chuẩn 5a/kênh. dòng khởi động max = 10a. (5.1 ngựa - 5 ngựa rưỡi) chính hãng. máy lạnh giá tốt nhất thị trường, tiết kiệm điện vượt trội, hỗ trợ thi công lắp đặt máy lạnh chuyên nghiệp. x...",Google-Extended
https://dienmayelc.com.vn/san-pham/may-cap-khi-tuoi-loc-khong-khi,Máy cấp khí tươi và lọc không khí cho công trình hiện đại | Điện máy ELC,87,0.00953743768335535,n/a,1,200,1.573,0,1,1,1,0,Self-canonical,1,93,101,4,0,-,-,31,578,2,"giải pháp cấp khí tươi và lọc không khí giúp giảm co₂, bụi mịn và vi khuẩn, nâng cao chất lượng không khí cho nhà ở và văn phòng.",Google-Extended
https://dienmayelc.com.vn/san-pham/may-lanh,"Máy lạnh chính hãng giá , điều hòa không khí hiệu quả | Điện máy ELC",87,0.00953743768335535,n/a,1,200,1.715,0,1,1,1,0,Self-canonical,1,93,101,4,0,-,-,31,578,2,"chuyên máy lạnh chính hãng daikin, panasonic, lg, casper giá tốt. hỗ trợ lắp đặt nhanh, bảo hành uy tín tận nơi.",Google-Extended
https://dienmayelc.com.vn/san-pham/may-lanh-am-tran-da-huong-thoi,Máy lạnh âm trần Cassette thẩm mỹ cho công trình hiện đại | Điện máy ELC,87,0.00953743768335535,n/a,1,200,1.592,0,1,1,1,0,Self-canonical,1,93,101,4,0,-,-,31,578,2,"máy lạnh âm trần cassette phân phối gió đồng đều, tối ưu diện tích và mang lại vẻ đẹp sang trọng cho không gian sử dụng.",Google-Extended
https://dienmayelc.com.vn/san-pham/may-lanh-am-tran-da-huong-thoi-2hp-daikin-inverter-1-pha-fcf50cvm,Máy lạnh âm trần đa hướng thổi (Điều hòa) Daikin 2HP FCF50CVM Inverter | Điện máy ELC,9,0.005245976603985254,n/a,1,200,1.876,0,1,1,1,0,Self-canonical,1,2,114,4,0,-,-,31,578,5,"điện máy elc - chuyên cung cấp máy lạnh âm trần đa hướng thổi daikin fcf50cvm 2hp (2 ngựa) chính hãng. máy lạnh giá tốt nhất thị trường, tiết kiệm điện vượt trội, hỗ trợ thi công lắp đặt máy lạnh chuyên nghiệp. xem ngay!",Google-Extended
https://dienmayelc.com.vn/san-pham/may-lanh-ap-tran,Máy lạnh áp trần công suất lớn cho không gian thương mại | Điện máy ELC,83,0.009536993915435131,n/a,1,200,1.845,0,1,1,1,0,Self-canonical,1,93,100,4,0,-,-,31,578,2,"máy lạnh áp trần làm lạnh nhanh, phân bổ gió đồng đều, phù hợp nhà hàng, showroom, văn phòng và các công trình có trần cao.",Google-Extended
https://dienmayelc.com.vn/san-pham/may-lanh-ap-tran-daikin-inverter-15hp-1-pha-fhfc40ev1,Máy lạnh áp trần (Điều hòa) Daikin 1.5HP FHFC40EV1 Inverter | Điện máy ELC,13,0.005246420371905472,n/a,1,200,1.977,0,1,1,1,0,Self-canonical,1,2,109,4,0,-,-,31,578,4,"điện máy elc - chuyên cung cấp máy lạnh áp trần daikin fhfc40ev1 1.5hp (1.5 ngựa - 1 ngựa rưỡi) chính hãng. máy lạnh giá tốt nhất thị trường, tiết kiệm điện vượt trội, hỗ trợ thi công lắp đặt máy lạnh chuyên nghiệp. xem ngay!",Google-Extended
https://dienmayelc.com.vn/san-pham/may-lanh-giau-tran-noi-ong-gio,Máy lạnh giấu trần nối ống gió cho không gian cao cấp | Điện máy ELC,87,0.00953743768335535,n/a,1,200,2.524,0,1,1,1,0,Self-canonical,1,93,101,4,0,-,-,31,578,2,"giải pháp điều hòa giấu trần mang đến tính thẩm mỹ cao, phân phối gió linh hoạt và phù hợp với các công trình hiện đại.",Google-Extended
https://dienmayelc.com.vn/san-pham/may-lanh-giau-tran-noi-ong-gio-1hp-daikin-1-pha-fdbnq09mv1v,Máy lạnh giấu trần nối ống gió (Điều hòa) Daikin 1HP FDBNQ09MV1V Inverter | Điện máy ELC,9,0.005245976603985254,n/a,1,200,1.914,0,1,1,1,0,Self-canonical,1,2,117,4,0,-,-,31,578,5,"điện máy elc - chuyên cung cấp máy lạnh giấu trần nối ống gió daikin fdbnq09mv1v 1hp (1 ngựa) chính hãng. máy lạnh giá tốt nhất thị trường, tiết kiệm điện vượt trội, hỗ trợ thi công lắp đặt máy lạnh chuyên nghiệp. xem ngay!",Google-Extended
https://dienmayelc.com.vn/san-pham/may-lanh-treo-tuong,Máy lạnh treo tường cho không gian sống tiện nghi | Điện máy ELC,87,0.00953743768335535,n/a,1,200,1.721,0,1,1,1,0,Self-canonical,1,93,101,4,0,-,-,31,578,2,"giải pháp làm mát hiệu quả với máy lạnh treo tường hiện đại, vận hành êm ái, tiết kiệm điện và phù hợp nhiều không gian sử dụng.

url:",Google-Extended
https://dienmayelc.com.vn/san-pham/may-lanh-treo-tuong-daikin-1hp-mot-chieu-inverter-ftkb25zvmv,Máy lạnh treo tường (Điều hòa) Daikin 1HP FTKB25ZVMV Inverter | Điện máy ELC,43,0.005385132085147041,n/a,1,200,2.603,0,1,1,1,0,Self-canonical,1,5,145,4,0,-,-,31,578,5,"điện máy elc - chuyên cung cấp máy lạnh treo tường daikin ftkb25zvmv 1hp (1 ngựa) chính hãng. máy lạnh giá tốt nhất thị trường, tiết kiệm điện vượt trội, hỗ trợ thi công lắp đặt máy lạnh chuyên nghiệp. xem ngay!",Google-Extended
https://dienmayelc.com.vn/san-pham/may-lanh-tu-dung,Máy lạnh tủ đứng công suất lớn cho không gian rộng | Điện máy ELC,74,0.00953311275818901,n/a,1,200,1.623,0,1,1,1,0,Self-canonical,1,93,92,4,0,-,-,31,578,2,"máy lạnh tủ đứng làm lạnh nhanh, lưu lượng gió mạnh và phù hợp với nhà hàng, hội trường, showroom và nhà xưởng.",Google-Extended
https://dienmayelc.com.vn/san-pham/may-loc-khong-khi,Máy lọc không khí chính hãng cho không gian sống trong lành | Điện máy ELC,87,0.00953743768335535,n/a,1,200,1.675,0,1,1,1,0,Self-canonical,1,93,101,4,0,-,-,31,578,2,"chuyên máy lọc không khí cho gia đình, văn phòng, phòng ngủ. chính hãng, tiết kiệm điện, bảo hành uy tín.",Google-Extended
https://dienmayelc.com.vn/san-pham/may-loc-nuoc,"Máy lọc nước chính hãng, giải pháp nguồn nước sạch an toàn | Điện máy ELC",57,0.009530920498221091,n/a,1,200,1.577,0,1,1,1,0,Self-canonical,1,93,88,4,0,-,-,31,578,2,"chuyên máy lọc nước ro gia đình, văn phòng chính hãng. nước sạch an toàn, bảo hành uy tín, nhiều ưu đãi hấp dẫn.",Google-Extended
https://dienmayelc.com.vn/san-pham/may-loc-nuoc-ro-3-in-1,Máy lọc nước RO 3 trong 1 tiện nghi cho gia đình | Điện máy ELC,57,0.009530920498221091,n/a,1,200,1.534,0,1,1,1,0,Self-canonical,1,93,88,4,0,-,-,31,578,2,"máy lọc nước ro 3 trong 1 tích hợp lọc tinh khiết, nước nóng và nước lạnh, đáp ứng nhu cầu sử dụng tiện lợi cho gia đình.",Google-Extended
https://dienmayelc.com.vn/san-pham/may-loc-va-cap-khi-tuoi-thu-hoi-nhiet-g7-smart-o2-g7,"Máy cấp khí tươi, lọc không khí Menred 130 (W) G7 Inverter | Điện máy ELC",39,0.005362102402250268,n/a,1,200,1.912,0,1,1,1,0,Self-canonical,1,5,111,4,0,-,-,31,578,3,"điện máy elc - chuyên cung cấp máy cấp khí tươi, lọc không khí menred g7 130 (w) (130 ngựa) chính hãng. máy lạnh giá tốt nhất thị trường, tiết kiệm điện vượt trội, hỗ trợ thi công lắp đặt máy lạnh chuyên nghiệp. xem ngay!",Google-Extended
https://dienmayelc.com.vn/san-pham/may-loc-va-cap-khi-tuoi-thu-hoi-nhiet-p5-cls40e-p5-cls40e,"Máy cấp khí tươi, lọc không khí Menred 135 (W) P5 CLS4.0E Inverter | Điện máy ELC",39,0.005362102402250268,n/a,1,200,1.882,0,1,1,1,0,Self-canonical,1,5,111,4,0,-,-,31,578,4,"điện máy elc - chuyên cung cấp máy cấp khí tươi, lọc không khí menred p5 cls4.0e 135 (w) (135 ngựa) chính hãng. máy lạnh giá tốt nhất thị trường, tiết kiệm điện vượt trội, hỗ trợ thi công lắp đặt máy lạnh chuyên nghiệp. xem ngay!",Google-Extended
https://dienmayelc.com.vn/san-pham/phu-kien-dong-bo-cua-he-thong-cap-gio-tuoi,Phụ kiện hệ thống cấp gió tươi và thông gió chất lượng cao | Điện máy ELC,61,0.009531486143394406,n/a,1,200,1.553,0,1,1,1,0,Self-canonical,1,93,89,4,0,-,-,31,578,2,"cung cấp phụ kiện đồng bộ cho hệ thống cấp gió tươi, thông gió và hvac, đảm bảo hiệu suất vận hành ổn định và bền bỉ.",Google-Extended
https://dienmayelc.com.vn/san-pham/remote-cam-tay,Remote cầm tay thông minh điều khiển thiết bị tiện lợi | Điện máy ELC,57,0.009530920498221091,n/a,1,200,1.553,0,1,1,1,0,Self-canonical,1,93,88,4,0,-,-,31,578,2,"remote cầm tay giúp điều khiển hệ thống chiếu sáng, rèm cửa, điều hòa và các thiết bị thông minh nhanh chóng, dễ dàng và linh hoạt.",Google-Extended
https://dienmayelc.com.vn/san-pham?brands=acis,Danh sách sản phẩm Acis chính hãng | Điện máy ELC,83,0.009536993915435131,n/a,1,200,1.541,0,1,1,1,0,Canonical to other page,0,93,100,4,0,-,-,29,431,2,"khám phá các sản phẩm acis chính hãng tại điện máy elc. cam kết giá tốt nhất, bảo hành uy tín, hỗ trợ lắp đặt chuyên nghiệp.",Google-Extended
https://dienmayelc.com.vn/san-pham?brands=carrier,Danh sách sản phẩm Carrier chính hãng | Điện máy ELC,4,0.005199591443597992,n/a,1,200,2.73,0,1,1,1,0,Canonical to other page,0,1,87,4,0,-,-,29,431,3,"khám phá các sản phẩm carrier chính hãng tại điện máy elc. cam kết giá tốt nhất, bảo hành uy tín, hỗ trợ lắp đặt chuyên nghiệp.",Google-Extended
https://dienmayelc.com.vn/san-pham?brands=daikin,Danh sách sản phẩm Daikin chính hãng | Điện máy ELC,87,0.00953743768335535,n/a,1,200,1.591,0,1,1,1,0,Canonical to other page,0,93,101,4,0,-,-,29,431,2,"khám phá các sản phẩm daikin chính hãng tại điện máy elc. cam kết giá tốt nhất, bảo hành uy tín, hỗ trợ lắp đặt chuyên nghiệp.",Google-Extended
https://dienmayelc.com.vn/san-pham?brands=hagisu,Danh sách sản phẩm Hagisu chính hãng | Điện máy ELC,4,0.005199591443597992,n/a,1,200,1.511,0,1,1,1,0,Canonical to other page,0,1,87,4,0,-,-,29,431,3,"khám phá các sản phẩm hagisu chính hãng tại điện máy elc. cam kết giá tốt nhất, bảo hành uy tín, hỗ trợ lắp đặt chuyên nghiệp.",Google-Extended
https://dienmayelc.com.vn/san-pham?brands=lg,Danh sách sản phẩm Lg chính hãng | Điện máy ELC,83,0.009536993915435131,n/a,1,200,1.648,0,1,1,1,0,Canonical to other page,0,93,100,4,0,-,-,29,431,2,"khám phá các sản phẩm lg chính hãng tại điện máy elc. cam kết giá tốt nhất, bảo hành uy tín, hỗ trợ lắp đặt chuyên nghiệp.",Google-Extended
https://dienmayelc.com.vn/san-pham?brands=menred,Danh sách sản phẩm Menred chính hãng | Điện máy ELC,87,0.00953743768335535,n/a,1,200,1.532,0,1,1,1,0,Canonical to other page,0,93,101,4,0,-,-,29,431,2,"khám phá các sản phẩm menred chính hãng tại điện máy elc. cam kết giá tốt nhất, bảo hành uy tín, hỗ trợ lắp đặt chuyên nghiệp.",Google-Extended
https://dienmayelc.com.vn/san-pham?brands=midea,Danh sách sản phẩm Midea chính hãng | Điện máy ELC,4,0.005199591443597992,n/a,1,200,1.508,0,1,1,1,0,Canonical to other page,0,1,87,4,0,-,-,29,431,3,"khám phá các sản phẩm midea chính hãng tại điện máy elc. cam kết giá tốt nhất, bảo hành uy tín, hỗ trợ lắp đặt chuyên nghiệp.",Google-Extended
https://dienmayelc.com.vn/san-pham?brands=mitsubishi,Danh sách sản phẩm Mitsubishi chính hãng | Điện máy ELC,4,0.005199591443597992,n/a,1,200,1.521,0,1,1,1,0,Canonical to other page,0,1,87,4,0,-,-,29,431,3,"khám phá các sản phẩm mitsubishi chính hãng tại điện máy elc. cam kết giá tốt nhất, bảo hành uy tín, hỗ trợ lắp đặt chuyên nghiệp.",Google-Extended
https://dienmayelc.com.vn/san-pham?brands=panasonic,Danh sách sản phẩm Panasonic chính hãng | Điện máy ELC,4,0.005199591443597992,n/a,1,200,1.498,0,1,1,1,0,Canonical to other page,0,1,87,4,0,-,-,29,431,3,"khám phá các sản phẩm panasonic chính hãng tại điện máy elc. cam kết giá tốt nhất, bảo hành uy tín, hỗ trợ lắp đặt chuyên nghiệp.",Google-Extended
https://dienmayelc.com.vn/san-pham?brands=samsung,Danh sách sản phẩm Samsung chính hãng | Điện máy ELC,4,0.005199591443597992,n/a,1,200,1.54,0,1,1,1,0,Canonical to other page,0,1,87,4,0,-,-,29,431,3,"khám phá các sản phẩm samsung chính hãng tại điện máy elc. cam kết giá tốt nhất, bảo hành uy tín, hỗ trợ lắp đặt chuyên nghiệp.",Google-Extended
https://dienmayelc.com.vn/san-pham?brands=toshiba,Danh sách sản phẩm Toshiba chính hãng | Điện máy ELC,4,0.005199591443597992,n/a,1,200,1.525,0,1,1,1,0,Canonical to other page,0,1,87,4,0,-,-,29,431,3,"khám phá các sản phẩm toshiba chính hãng tại điện máy elc. cam kết giá tốt nhất, bảo hành uy tín, hỗ trợ lắp đặt chuyên nghiệp.",Google-Extended
https://dienmayelc.com.vn/sitemap.xml,,-,-,n/a,0,200,3.195,0,0,0,0,0,-,0,0,-,-,0,-,-,-,-,11,-,Google-Extended
https://dienmayelc.com.vn/thong-tin,"Điện máy ELC | Máy lạnh & Giải pháp không khí chuyên nghiệp, giá tốt",48,0.009529751717089112,n/a,1,200,1.666,0,1,1,1,0,Canonical to other page,1,93,86,4,0,-,-,33,672,3,"điện máy elc chuyên cung cấp máy lạnh chính hãng, máy lọc không khí và hệ thống điều hòa trung tâm vrv/vrf. giá tốt nhất, lắp đặt chuyên nghiệp, bảo hành uy tín.",Google-Extended
https://dienmayelc.com.vn/thong-tin/kho-bai-ky-thuat,Kho - Bãi kỹ thuật | Điện máy ELC,48,0.009529751717089112,n/a,1,200,1.557,0,1,1,1,0,Canonical to other page,1,93,86,4,0,-,-,26,406,2,kho - bãi kỹ thuật,Google-Extended
https://dienmayelc.com.vn/thong-tin/kho-hang,Kho hàng | Điện máy ELC,48,0.009529751717089112,n/a,1,200,1.512,0,1,1,1,0,Canonical to other page,1,93,86,4,0,-,-,26,406,2,kho hàng,Google-Extended
https://dienmayelc.com.vn/thong-tin/tru-so-van-phong,Trụ sở văn phòng | Điện máy ELC,48,0.009529751717089112,n/a,1,200,1.576,0,1,1,1,0,Canonical to other page,1,93,86,4,0,-,-,26,406,2,trụ sở văn phòng,Google-Extended
https://dienmayelc.com.vn/thong-tin/van-phong,Showroom | Điện máy ELC,52,0.009530342492660063,n/a,1,200,1.531,0,1,1,1,0,Canonical to other page,1,93,87,4,0,-,-,26,406,6,showroom,Google-Extended
https://dienmayelc.com.vn/tin-tuc,"Điện máy ELC | Máy lạnh & Giải pháp không khí chuyên nghiệp, giá tốt",91,0.009549718656678679,n/a,1,200,2.283,0,1,1,1,0,Canonical to other page,1,93,139,4,0,-,-,25,402,2,"điện máy elc chuyên cung cấp máy lạnh chính hãng, máy lọc không khí và hệ thống điều hòa trung tâm vrv/vrf. giá tốt nhất, lắp đặt chuyên nghiệp, bảo hành uy tín.",Google-Extended
https://www.dienmayelc.com.vn/,"Điện máy ELC - Siêu thị máy lạnh & Giải pháp không khí chính hãng, giá tốt",0,0.0,n/a,0,200,0.071,0,1,1,1,0,Canonical to other page,0,0,105,4,0,-,-,30,452,4,"điện máy elc - hệ thống cung cấp máy lạnh chính hãng, máy lọc không khí và giải pháp điều hòa trung tâm vrv/vrf. cam kết giá rẻ nhất thị trường, lắp đặt chuyên nghiệp, bảo hành dài hạn.",Google-Extended
