Page URL,ILR,Schema.org (JSON-LD),Schema.org (Microdata),Open Graph,Twitter Cards,Microformats,Article items,Book items,Breadcrumb items,Carousel items,Course items,COVID-19 announcements (BETA) items,Dataset items,Employer Aggregate Rating items,Estimated salary items,Event items,Fact Check items,FAQ items,Guided recipe items,How-to items,Job posting items,Local Business items,Logo items,Merchant listing items,Movie items,Product snippet items,Product group items,Q&A items,Recipe on search items,Review snippet items,Sitelinks search box items,Site names items,Software App items,Vehicle listing items,Video items
https://dienmayelc.com.vn/,100,1,0,1,1,0,0,0,0,0,0,0,0,0,0,0,0,0,0,0,0,5,0,0,0,2,0,0,0,0,0,1,1,0,0,0
https://dienmayelc.com.vn/cdn-cgi/l/email-protection,-,0,0,0,0,0,0,0,0,0,0,0,0,0,0,0,0,0,0,0,0,0,0,0,0,0,0,0,0,0,0,0,0,0,0,0
https://dienmayelc.com.vn/chinh-sach-bao-hanh-san-pham,48,1,0,1,1,0,0,0,0,0,0,0,0,0,0,0,0,0,0,0,0,0,0,0,0,1,0,0,0,0,0,0,0,0,0,0
https://dienmayelc.com.vn/chinh-sach-doi-tra-va-hoan-tien,52,1,0,1,1,0,0,0,0,0,0,0,0,0,0,0,0,0,0,0,0,0,0,0,0,1,0,0,0,0,0,0,0,0,0,0
https://dienmayelc.com.vn/dich-vu,48,1,0,1,1,0,0,0,0,0,0,0,0,0,0,0,0,0,0,0,0,0,0,0,0,1,0,0,0,0,0,0,0,0,0,0
https://dienmayelc.com.vn/du-an,61,1,0,1,1,0,0,0,0,0,1,0,0,0,0,0,0,0,0,0,0,0,0,0,0,1,0,0,0,0,0,0,0,0,0,0
https://dienmayelc.com.vn/du-an/biet-thu,57,1,0,1,1,0,0,0,0,0,1,0,0,0,0,0,0,0,0,0,0,0,0,0,0,1,0,0,0,0,0,0,0,0,0,0
https://dienmayelc.com.vn/du-an/co-so-kinh-doanh,65,1,0,1,1,0,0,0,0,0,1,0,0,0,0,0,0,0,0,0,0,0,0,0,0,1,0,0,0,0,0,0,0,0,0,0
https://dienmayelc.com.vn/du-an/cong-trinh-cong-nghiep,61,1,0,1,1,0,0,0,0,0,1,0,0,0,0,0,0,0,0,0,0,0,0,0,0,1,0,0,0,0,0,0,0,0,0,0
https://dienmayelc.com.vn/du-an/dien-may-elc-hoan-thanh-he-thong-dieu-hoa-am-tran-cassette-cho-nha-hang-tai-phu-quoc-kien-giang,48,1,0,1,1,0,1,0,1,0,0,0,0,0,0,0,0,0,0,0,0,4,0,0,0,2,0,1,0,0,0,0,1,0,0,0
https://dienmayelc.com.vn/du-an/dien-may-elc-hoan-thanh-he-thong-dieu-hoa-am-tran-cassette-lg-cho-nha-hang-tiec-cuoi-viet-ha-ba-ria-vung-tau,48,1,0,1,1,0,1,0,1,0,0,0,0,0,0,0,0,0,0,0,0,4,0,0,0,2,0,1,0,0,0,0,1,0,0,0
https://dienmayelc.com.vn/du-an/dien-may-elc-hoan-thanh-he-thong-dieu-hoa-am-tran-daikin-cho-nha-pho-ket-hop-van-phong-tai-binh-tan-tphcm,48,1,0,1,1,0,1,0,1,0,0,0,0,0,0,0,0,0,0,0,0,4,0,0,0,2,0,3,0,0,0,0,1,0,0,0
https://dienmayelc.com.vn/du-an/dien-may-elc-hoan-thanh-he-thong-dieu-hoa-am-tran-daikin-cho-toa-nha-van-phong-tr-metro-view-thao-dien,48,1,0,1,1,0,1,0,1,0,0,0,0,0,0,0,0,0,0,0,0,4,0,0,0,2,0,1,0,0,0,0,1,0,0,0
https://dienmayelc.com.vn/du-an/dien-may-elc-hoan-thanh-he-thong-dieu-hoa-am-tran-lg-va-loc-cap-khi-tuoi-menred-hagisu-cho-can-ho-feliz-en-vista-quan-2,48,1,0,1,1,0,1,0,1,0,0,0,0,0,0,0,0,0,0,0,0,4,0,0,0,2,0,3,0,0,0,0,1,0,0,0
https://dienmayelc.com.vn/du-an/dien-may-elc-hoan-thanh-he-thong-dieu-hoa-daikin-loc-cap-khi-tuoi-menred-hagisu-cho-van-phong-lam-viec-tram-be-tong-nhua-bmt,57,1,0,1,1,0,1,0,1,0,0,0,0,0,0,0,0,0,0,0,0,4,0,0,0,2,0,3,0,0,0,0,1,0,0,0
https://dienmayelc.com.vn/du-an/dien-may-elc-hoan-thanh-he-thong-dieu-hoa-giau-tran-daikin-va-loc-cap-khi-tuoi-menred-hagisu-cho-nha-pho-nguyen-thong-quan-3,48,1,0,1,1,0,1,0,1,0,0,0,0,0,0,0,0,0,0,0,0,4,0,0,0,2,0,3,0,0,0,0,1,0,0,0
https://dienmayelc.com.vn/du-an/dien-may-elc-hoan-thanh-he-thong-dieu-hoa-khong-khi-cho-clb-billiards-tuong-lai-tai-kien-giang,52,1,0,1,1,0,1,0,1,0,0,0,0,0,0,0,0,0,0,0,0,4,0,0,0,2,0,1,0,0,0,0,1,0,0,0
https://dienmayelc.com.vn/du-an/dien-may-elc-hoan-thanh-he-thong-dieu-hoa-khong-khi-va-khi-tuoi-cho-van-phong-dang-uy-phuong-long-phuoc,52,1,0,1,1,0,1,0,1,0,0,0,0,0,0,0,0,0,0,0,0,4,0,0,0,2,0,4,0,0,0,0,1,0,0,0
https://dienmayelc.com.vn/du-an/dien-may-elc-hoan-thanh-he-thong-dieu-hoa-multi-daikin-loc-cap-khi-tuoi-menred-hagisu-cho-nha-pho-tai-dinh-quan-dong-nai,48,1,0,1,1,0,1,0,1,0,0,0,0,0,0,0,0,0,0,0,0,4,0,0,0,2,0,3,0,0,0,0,1,0,0,0
https://dienmayelc.com.vn/du-an/dien-may-elc-hoan-thanh-he-thong-loc-cap-khi-tuoi-thu-hoi-nhiet-menred-hagisu-cho-biet-thu-centuria-vuon-lai-quan-12,48,1,0,1,1,0,1,0,1,0,0,0,0,0,0,0,0,0,0,0,0,4,0,0,0,2,0,2,0,0,0,0,1,0,0,0
https://dienmayelc.com.vn/du-an/dien-may-elc-hoan-thanh-he-thong-loc-cap-khi-tuoi-thu-hoi-nhiet-menred-hagisu-cho-biet-thu-him-lam-quan-7,52,1,0,1,1,0,1,0,1,0,0,0,0,0,0,0,0,0,0,0,0,4,0,0,0,2,0,2,0,0,0,0,1,0,0,0
https://dienmayelc.com.vn/du-an/dien-may-elc-hoan-thanh-he-thong-loc-cap-khi-tuoi-thu-hoi-nhiet-menred-hagisu-cho-khoi-van-phong-cong-ty-tnhh-che-bien-hai-san-trong-duc-ba-ria-vung-tau,35,1,0,1,1,0,1,0,1,0,0,0,0,0,0,0,0,0,0,0,0,4,0,0,0,2,0,2,0,0,0,0,1,0,0,0
https://dienmayelc.com.vn/du-an/dien-may-elc-hoan-thanh-he-thong-loc-cap-khi-tuoi-thu-hoi-nhiet-menred-hagisu-cho-nha-pho-tai-an-lac-binh-tan,48,1,0,1,1,0,1,0,1,0,0,0,0,0,0,0,0,0,0,0,0,4,0,0,0,2,0,2,0,0,0,0,1,0,0,0
https://dienmayelc.com.vn/du-an/dien-may-elc-hoan-thanh-he-thong-loc-cap-khi-tuoi-thu-hoi-nhiet-menred-hagisu-cho-phong-kham-da-khoa-sai-gon-medic-quan-3,48,1,0,1,1,0,1,0,1,0,0,0,0,0,0,0,0,0,0,0,0,4,0,0,0,2,0,2,0,0,0,0,1,0,0,0
https://dienmayelc.com.vn/du-an/dien-may-elc-hoan-thanh-he-thong-loc-cap-khi-tuoi-thu-hoi-nhiet-menred-hagisu-cho-van-phong-khu-xu-ly-rac-thai-toc-tien-ba-ria-vung-tau,57,1,0,1,1,0,1,0,1,0,0,0,0,0,0,0,0,0,0,0,0,4,0,0,0,2,0,2,0,0,0,0,1,0,0,0
https://dienmayelc.com.vn/du-an/dien-may-elc-hoan-thanh-he-thong-may-lanh-am-tran-cassette-daikin-inverter-cho-pho-cong-phu-nhuan,48,1,0,1,1,0,1,0,1,0,0,0,0,0,0,0,0,0,0,0,0,4,0,0,0,2,0,1,0,0,0,0,1,0,0,0
https://dienmayelc.com.vn/du-an/dien-may-elc-hoan-thanh-he-thong-may-lanh-am-tran-cassette-daikin-inverter-cho-phong-server-tai-tan-binh-tphcm,96,1,0,1,1,0,1,0,1,0,0,0,0,0,0,0,0,0,0,0,0,4,0,0,0,2,0,1,0,0,0,0,1,0,0,0
https://dienmayelc.com.vn/du-an/dien-may-elc-hoan-thanh-he-thong-may-lanh-am-tran-cassette-daikin-inverter-cho-shophouse-akari-city-binh-tan,48,1,0,1,1,0,1,0,1,0,0,0,0,0,0,0,0,0,0,0,0,4,0,0,0,2,0,1,0,0,0,0,1,0,0,0
https://dienmayelc.com.vn/du-an/dien-may-elc-hoan-thanh-he-thong-may-lanh-daikin-likenew-cho-hoi-quan-nong-lam-dai-hoc-nong-lam-tpthu-duc,57,1,0,1,1,0,1,0,1,0,0,0,0,0,0,0,0,0,0,0,0,4,0,0,0,2,0,2,0,0,0,0,1,0,0,0
https://dienmayelc.com.vn/du-an/dien-may-elc-hoan-thanh-he-thong-may-lanh-daikin-likenew-cho-nha-pho-tai-nhon-trach-dong-nai,48,1,0,1,1,0,1,0,1,0,0,0,0,0,0,0,0,0,0,0,0,4,0,0,0,2,0,1,0,0,0,0,1,0,0,0
https://dienmayelc.com.vn/du-an/dien-may-elc-hoan-thanh-he-thong-may-lanh-daikin-likenew-cho-trung-tam-hoi-nghi-tiec-cuoi-onni-house-to-ky-hoc-mon,48,1,0,1,1,0,1,0,1,0,0,0,0,0,0,0,0,0,0,0,0,4,0,0,0,2,0,1,0,0,0,0,1,0,0,0
https://dienmayelc.com.vn/du-an/dien-may-elc-hoan-thanh-he-thong-may-lanh-treo-tuong-panasonic-cho-nha-pho-tai-cat-lai-quan-2,48,1,0,1,1,0,1,0,1,0,0,0,0,0,0,0,0,0,0,0,0,4,0,0,0,2,0,1,0,0,0,0,1,0,0,0
https://dienmayelc.com.vn/du-an/dien-may-elc-hoan-thanh-lap-dat-he-thong-may-lanh-am-tran-cassette-daikin-inverter-cho-studio-tai-quan-2-tphcm,48,1,0,1,1,0,1,0,1,0,0,0,0,0,0,0,0,0,0,0,0,4,0,0,0,2,0,1,0,0,0,0,1,0,0,0
https://dienmayelc.com.vn/du-an/dien-may-elc-hoan-thanh-nang-cap-he-thong-dieu-hoa-va-khi-tuoi-cho-ubnd-phuong-long-phuoc-sau-sap-xep-don-vi-hanh-chinh,52,1,0,1,1,0,1,0,1,0,0,0,0,0,0,0,0,0,0,0,0,4,0,0,0,2,0,2,0,0,0,0,1,0,0,0
https://dienmayelc.com.vn/du-an/dieu-hoa-trung-tam-vrv-va-he-thong-cap-khi-tuoi-thu-hoi-nhiet-tai-villa-mr-vuong,48,1,0,1,1,0,1,0,1,0,0,0,0,0,0,0,0,0,0,0,0,4,0,0,0,2,0,4,0,0,0,0,1,0,0,0
https://dienmayelc.com.vn/du-an/he-thong-dhkk-am-tran-va-cap-khi-tuoi-thu-hoi-nhiet-menred-hagisu-cho-nha-pho-mr-vu-quan-5,48,1,0,1,1,0,1,0,1,0,0,0,0,0,0,0,0,0,0,0,0,4,0,0,0,2,0,3,0,0,0,0,1,0,0,0
https://dienmayelc.com.vn/du-an/he-thong-dieu-hoa-khong-khi-va-he-thong-cap-khi-tuoi-thu-hoi-nhiet-menred-hagisu-tai-villa-tuyet-anh-mr-nam-cu-chi,17,1,0,1,1,0,1,0,1,0,0,0,0,0,0,0,0,0,0,0,0,4,0,0,0,2,0,3,0,0,0,0,1,0,0,0
https://dienmayelc.com.vn/du-an/he-thong-loc-khong-khi-trung-tam-cao-cap-tai-the-river-thu-thiem,48,1,0,1,1,0,1,0,1,0,0,0,0,0,0,0,0,0,0,0,0,4,0,0,0,2,0,2,0,0,0,0,1,0,0,0
https://dienmayelc.com.vn/du-an/lap-dat-he-thong-dieu-hoa-khong-khi-cho-cau-lac-bo-bida-hoang-sao-quan-tan-phu,52,1,0,1,1,0,1,0,1,0,0,0,0,0,0,0,0,0,0,0,0,4,0,0,0,2,0,2,0,0,0,0,1,0,0,0
https://dienmayelc.com.vn/du-an/lap-dat-he-thong-dieu-hoa-khong-khi-cho-tham-my-vien-aura-tra-vinh,48,1,0,1,1,0,1,0,1,0,0,0,0,0,0,0,0,0,0,0,0,4,0,0,0,2,0,2,0,0,0,0,1,0,0,0
https://dienmayelc.com.vn/du-an/lap-dat-he-thong-dieu-hoa-khong-khi-he-thong-cap-khi-tuoi-biet-thu-pho-thu-dau-mot,48,1,0,1,1,0,1,0,1,0,0,0,0,0,0,0,0,0,0,0,0,4,0,0,0,2,0,3,0,0,0,0,1,0,0,0
https://dienmayelc.com.vn/du-an/lap-dat-he-thong-gio-tuoi-cho-can-ho-cao-cap-landmark-mr-son-quan-binh-thanh,48,1,0,1,1,0,1,0,1,0,0,0,0,0,0,0,0,0,0,0,0,4,0,0,0,2,0,2,0,0,0,0,1,0,0,0
https://dienmayelc.com.vn/du-an/nghiem-thu-he-thong-loc-khong-khi-trung-tam-menred-s5-tai-can-ho-vista-verde,48,1,0,1,1,0,1,0,1,0,0,0,0,0,0,0,0,0,0,0,0,4,0,0,0,2,0,2,0,0,0,0,1,0,0,0
https://dienmayelc.com.vn/du-an/nha-hang-trung-tam-tiec-cuoi,52,1,0,1,1,0,0,0,0,0,1,0,0,0,0,0,0,0,0,0,0,0,0,0,0,1,0,0,0,0,0,0,0,0,0,0
https://dienmayelc.com.vn/du-an/nha-pho,48,1,0,1,1,0,0,0,0,0,1,0,0,0,0,0,0,0,0,0,0,0,0,0,0,1,0,0,0,0,0,0,0,0,0,0
https://dienmayelc.com.vn/du-an/thi-cong-he-thong-vrv-daikin-khi-tuoi-menred-hagisu-tai-villa-tan-truong-quan-7,48,1,0,1,1,0,1,0,1,0,0,0,0,0,0,0,0,0,0,0,0,4,0,0,0,2,0,3,0,0,0,0,1,0,0,0
https://dienmayelc.com.vn/du-an/thiet-ke-va-lap-dat-he-thong-dhkk-va-he-thong-loc-cap-khi-tuoi-hoi-nhiet-cho-villa-mrs-tham-tan-phu,30,1,0,1,1,0,1,0,1,0,0,0,0,0,0,0,0,0,0,0,0,4,0,0,0,2,0,3,0,0,0,0,1,0,0,0
https://dienmayelc.com.vn/du-an/thiet-ke-va-thi-cong-lap-dat-he-thong-cap-khi-tuoi-thu-hoi-nhiet-loc-khong-khi-menred-hagisu-cho-can-ho-mr-vinh-quan-go-vap,48,1,0,1,1,0,1,0,1,0,0,0,0,0,0,0,0,0,0,0,0,4,0,0,0,2,0,2,0,0,0,0,1,0,0,0
https://dienmayelc.com.vn/du-an/thiet-ke-va-thi-cong-lap-dat-he-thong-dhkk-va-he-thong-loc-cap-khi-tuoi-hoi-nhiet-cho-toa-nha-da-nang-mr-dat-bien-hoa,48,1,0,1,1,0,1,0,1,0,0,0,0,0,0,0,0,0,0,0,0,4,0,0,0,2,0,4,0,0,0,0,1,0,0,0
https://dienmayelc.com.vn/du-an/tru-so-co-quan,52,1,0,1,1,0,0,0,0,0,1,0,0,0,0,0,0,0,0,0,0,0,0,0,0,1,0,0,0,0,0,0,0,0,0,0
https://dienmayelc.com.vn/du-an/van-phong,48,1,0,1,1,0,0,0,0,0,1,0,0,0,0,0,0,0,0,0,0,0,0,0,0,1,0,0,0,0,0,0,0,0,0,0
https://dienmayelc.com.vn/du-an/vui-choi-giai-tri,65,1,0,1,1,0,0,0,0,0,1,0,0,0,0,0,0,0,0,0,0,0,0,0,0,1,0,0,0,0,0,0,0,0,0,0
https://dienmayelc.com.vn/du-an/y-te,48,1,0,1,1,0,0,0,0,0,1,0,0,0,0,0,0,0,0,0,0,0,0,0,0,1,0,0,0,0,0,0,0,0,0,0
https://dienmayelc.com.vn/gioi-thieu-ve-dien-may-elc,48,1,0,1,1,0,0,0,0,0,0,0,0,0,0,0,0,0,0,0,0,0,0,0,0,1,0,0,0,0,0,0,0,0,0,0
https://dienmayelc.com.vn/llms.txt,-,0,0,0,0,0,0,0,0,0,0,0,0,0,0,0,0,0,0,0,0,0,0,0,0,0,0,0,0,0,0,0,0,0,0,0
https://dienmayelc.com.vn/quy-trinh-thi-cong-lap-dat-may-lanh-chuan-ky-thuat-tai-dien-may-elc,48,1,0,1,1,0,0,0,0,0,0,0,0,0,0,0,0,0,0,0,0,0,0,0,0,1,0,0,0,0,0,0,0,0,0,0
https://dienmayelc.com.vn/robots.txt,-,0,0,0,0,0,0,0,0,0,0,0,0,0,0,0,0,0,0,0,0,0,0,0,0,0,0,0,0,0,0,0,0,0,0,0
https://dienmayelc.com.vn/san-pham,87,1,0,1,1,0,0,0,0,0,0,0,0,0,0,0,0,0,0,0,0,0,0,0,0,1,0,1,0,0,0,0,0,0,0,0
https://dienmayelc.com.vn/san-pham/bang-dieu-khien,78,1,0,1,1,0,0,0,0,0,0,0,0,0,0,0,0,0,0,0,0,0,0,0,0,1,0,0,0,0,0,0,0,0,0,0
https://dienmayelc.com.vn/san-pham/bang-dieu-khien-tich-hop-thong-minh-dong-lux-bdkthtm,22,1,0,1,1,0,0,0,0,0,0,0,0,0,0,0,0,0,0,0,0,0,0,0,0,1,0,1,0,0,0,0,0,0,0,0
https://dienmayelc.com.vn/san-pham/cam-bien-thong-minh,57,1,0,1,1,0,0,0,0,0,0,0,0,0,0,0,0,0,0,0,0,0,0,0,0,1,0,0,0,0,0,0,0,0,0,0
https://dienmayelc.com.vn/san-pham/cong-tac-thong-minh,70,1,0,1,1,0,0,0,0,0,0,0,0,0,0,0,0,0,0,0,0,0,0,0,0,1,0,0,0,0,0,0,0,0,0,0
https://dienmayelc.com.vn/san-pham/cong-tac-thong-minh-tich-hop-man-hinh-cttm,26,1,0,1,1,0,0,0,0,0,0,0,0,0,0,0,0,0,0,0,0,0,0,0,0,1,0,1,0,0,0,0,0,0,0,0
https://dienmayelc.com.vn/san-pham/may-cap-khi-tuoi-loc-khong-khi,87,1,0,1,1,0,0,0,0,0,0,0,0,0,0,0,0,0,0,0,0,0,0,0,0,1,0,0,0,0,0,0,0,0,0,0
https://dienmayelc.com.vn/san-pham/may-lanh,87,1,0,1,1,0,0,0,0,0,0,0,0,0,0,0,0,0,0,0,0,0,0,0,0,1,0,1,0,0,0,0,0,0,0,0
https://dienmayelc.com.vn/san-pham/may-lanh-am-tran-da-huong-thoi,87,1,0,1,1,0,0,0,0,0,0,0,0,0,0,0,0,0,0,0,0,0,0,0,0,1,0,1,0,0,0,0,0,0,0,0
https://dienmayelc.com.vn/san-pham/may-lanh-am-tran-da-huong-thoi-2hp-daikin-inverter-1-pha-fcf50cvm,9,1,0,1,1,0,0,0,0,0,0,0,0,0,0,0,0,0,0,0,0,0,0,1,0,2,0,1,0,0,0,0,0,0,0,0
https://dienmayelc.com.vn/san-pham/may-lanh-ap-tran,83,1,0,1,1,0,0,0,0,0,0,0,0,0,0,0,0,0,0,0,0,0,0,0,0,1,0,1,0,0,0,0,0,0,0,0
https://dienmayelc.com.vn/san-pham/may-lanh-ap-tran-daikin-inverter-15hp-1-pha-fhfc40ev1,13,1,0,1,1,0,0,0,0,0,0,0,0,0,0,0,0,0,0,0,0,0,0,1,0,2,0,1,0,0,0,0,0,0,0,0
https://dienmayelc.com.vn/san-pham/may-lanh-giau-tran-noi-ong-gio,87,1,0,1,1,0,0,0,0,0,0,0,0,0,0,0,0,0,0,0,0,0,0,0,0,1,0,1,0,0,0,0,0,0,0,0
https://dienmayelc.com.vn/san-pham/may-lanh-giau-tran-noi-ong-gio-1hp-daikin-1-pha-fdbnq09mv1v,9,1,0,1,1,0,0,0,0,0,0,0,0,0,0,0,0,0,0,0,0,0,0,1,0,2,0,1,0,0,0,0,0,0,0,0
https://dienmayelc.com.vn/san-pham/may-lanh-treo-tuong,87,1,0,1,1,0,0,0,0,0,0,0,0,0,0,0,0,0,0,0,0,0,0,0,0,1,0,1,0,0,0,0,0,0,0,0
https://dienmayelc.com.vn/san-pham/may-lanh-treo-tuong-daikin-1hp-mot-chieu-inverter-ftkb25zvmv,43,1,0,1,1,0,0,0,0,0,0,0,0,0,0,0,0,0,0,0,0,0,0,1,0,2,0,1,0,0,0,0,0,0,0,0
https://dienmayelc.com.vn/san-pham/may-lanh-tu-dung,74,1,0,1,1,0,0,0,0,0,0,0,0,0,0,0,0,0,0,0,0,0,0,0,0,1,0,1,0,0,0,0,0,0,0,0
https://dienmayelc.com.vn/san-pham/may-loc-khong-khi,87,1,0,1,1,0,0,0,0,0,0,0,0,0,0,0,0,0,0,0,0,0,0,0,0,1,0,0,0,0,0,0,0,0,0,0
https://dienmayelc.com.vn/san-pham/may-loc-nuoc,57,1,0,1,1,0,0,0,0,0,0,0,0,0,0,0,0,0,0,0,0,0,0,0,0,1,0,0,0,0,0,0,0,0,0,0
https://dienmayelc.com.vn/san-pham/may-loc-nuoc-ro-3-in-1,57,1,0,1,1,0,0,0,0,0,0,0,0,0,0,0,0,0,0,0,0,0,0,0,0,1,0,0,0,0,0,0,0,0,0,0
https://dienmayelc.com.vn/san-pham/may-loc-va-cap-khi-tuoi-thu-hoi-nhiet-g7-smart-o2-g7,39,1,0,1,1,0,0,0,0,0,0,0,0,0,0,0,0,0,0,0,0,0,0,0,0,1,0,1,0,0,0,0,0,0,0,0
https://dienmayelc.com.vn/san-pham/may-loc-va-cap-khi-tuoi-thu-hoi-nhiet-p5-cls40e-p5-cls40e,39,1,0,1,1,0,0,0,0,0,0,0,0,0,0,0,0,0,0,0,0,0,0,0,0,1,0,1,0,0,0,0,0,0,0,0
https://dienmayelc.com.vn/san-pham/phu-kien-dong-bo-cua-he-thong-cap-gio-tuoi,61,1,0,1,1,0,0,0,0,0,0,0,0,0,0,0,0,0,0,0,0,0,0,0,0,1,0,0,0,0,0,0,0,0,0,0
https://dienmayelc.com.vn/san-pham/remote-cam-tay,57,1,0,1,1,0,0,0,0,0,0,0,0,0,0,0,0,0,0,0,0,0,0,0,0,1,0,0,0,0,0,0,0,0,0,0
https://dienmayelc.com.vn/san-pham?brands=acis,83,1,0,1,1,0,0,0,0,0,0,0,0,0,0,0,0,0,0,0,0,0,0,0,0,1,0,0,0,0,0,0,0,0,0,0
https://dienmayelc.com.vn/san-pham?brands=carrier,4,1,0,1,1,0,0,0,0,0,0,0,0,0,0,0,0,0,0,0,0,0,0,0,0,1,0,0,0,0,0,0,0,0,0,0
https://dienmayelc.com.vn/san-pham?brands=daikin,87,1,0,1,1,0,0,0,0,0,0,0,0,0,0,0,0,0,0,0,0,0,0,0,0,1,0,1,0,0,0,0,0,0,0,0
https://dienmayelc.com.vn/san-pham?brands=hagisu,4,1,0,1,1,0,0,0,0,0,0,0,0,0,0,0,0,0,0,0,0,0,0,0,0,1,0,0,0,0,0,0,0,0,0,0
https://dienmayelc.com.vn/san-pham?brands=lg,83,1,0,1,1,0,0,0,0,0,0,0,0,0,0,0,0,0,0,0,0,0,0,0,0,1,0,1,0,0,0,0,0,0,0,0
https://dienmayelc.com.vn/san-pham?brands=menred,87,1,0,1,1,0,0,0,0,0,0,0,0,0,0,0,0,0,0,0,0,0,0,0,0,1,0,0,0,0,0,0,0,0,0,0
https://dienmayelc.com.vn/san-pham?brands=midea,4,1,0,1,1,0,0,0,0,0,0,0,0,0,0,0,0,0,0,0,0,0,0,0,0,1,0,0,0,0,0,0,0,0,0,0
https://dienmayelc.com.vn/san-pham?brands=mitsubishi,4,1,0,1,1,0,0,0,0,0,0,0,0,0,0,0,0,0,0,0,0,0,0,0,0,1,0,0,0,0,0,0,0,0,0,0
https://dienmayelc.com.vn/san-pham?brands=panasonic,4,1,0,1,1,0,0,0,0,0,0,0,0,0,0,0,0,0,0,0,0,0,0,0,0,1,0,0,0,0,0,0,0,0,0,0
https://dienmayelc.com.vn/san-pham?brands=samsung,4,1,0,1,1,0,0,0,0,0,0,0,0,0,0,0,0,0,0,0,0,0,0,0,0,1,0,0,0,0,0,0,0,0,0,0
https://dienmayelc.com.vn/san-pham?brands=toshiba,4,1,0,1,1,0,0,0,0,0,0,0,0,0,0,0,0,0,0,0,0,0,0,0,0,1,0,0,0,0,0,0,0,0,0,0
https://dienmayelc.com.vn/sitemap.xml,-,0,0,0,0,0,0,0,0,0,0,0,0,0,0,0,0,0,0,0,0,0,0,0,0,0,0,0,0,0,0,0,0,0,0,0
https://dienmayelc.com.vn/thong-tin,48,1,0,1,1,0,0,0,0,0,0,0,0,0,0,0,0,0,0,0,0,0,0,0,0,1,0,0,0,0,0,0,0,0,0,0
https://dienmayelc.com.vn/thong-tin/kho-bai-ky-thuat,48,1,0,1,1,0,0,0,1,0,0,0,0,0,0,0,0,0,0,0,0,1,0,0,0,2,0,0,0,0,0,0,1,0,0,0
https://dienmayelc.com.vn/thong-tin/kho-hang,48,1,0,1,1,0,0,0,1,0,0,0,0,0,0,0,0,0,0,0,0,1,0,0,0,2,0,0,0,0,0,0,1,0,0,0
https://dienmayelc.com.vn/thong-tin/tru-so-van-phong,48,1,0,1,1,0,0,0,1,0,0,0,0,0,0,0,0,0,0,0,0,1,0,0,0,2,0,0,0,0,0,0,1,0,0,0
https://dienmayelc.com.vn/thong-tin/van-phong,52,1,0,1,1,0,0,0,1,0,0,0,0,0,0,0,0,0,0,0,0,1,0,0,0,2,0,0,0,0,0,0,1,0,0,0
https://dienmayelc.com.vn/tin-tuc,91,1,0,1,1,0,0,0,0,0,0,0,0,0,0,0,0,0,0,0,0,0,0,0,0,1,0,0,0,0,0,0,0,0,0,0
https://www.dienmayelc.com.vn/,0,1,0,1,1,0,0,0,0,0,0,0,0,0,0,0,0,0,0,0,0,5,0,0,0,2,0,0,0,0,0,1,1,0,0,0
