URL,Last crawled
https://dienmayelc.com.vn/san-pham/dieu-hoa-daikin-loai-tu-dung-inverter-dieu-khien-khong-day-3/?add-to-cart=1519,2026-03-16
https://dienmayelc.com.vn/san-pham/dieu-hoa-daikin-am-tran-dieu-khien-day-5/?add-to-cart=2380,2026-03-16
https://dienmayelc.com.vn/he-thong-dieu-hoa-khong-khi/may-lanh-am-tran/?add-to-cart=2381,2026-03-16
https://dienmayelc.com.vn/san-pham/dieu-hoa-daikin-am-tran-dieu-khien-day-5/?add-to-cart=2382,2026-03-15
https://dienmayelc.com.vn/san-pham/dieu-hoa-daikin-am-tran-dieu-khien-day-5/?add-to-cart=2383,2026-03-13
https://dienmayelc.com.vn/may-say/?add-to-cart=4694,2026-03-11
https://dienmayelc.com.vn/san-pham/dieu-hoa-treo-tuong-daikin-tieu-chuan-inverter-1-chieu-2/?add-to-cart=3953,2026-03-11
https://dienmayelc.com.vn/dien-may/dien-gia-dung/?add-to-cart=4190,2026-03-06
https://dienmayelc.com.vn/dien-may/dien-gia-dung/?add-to-cart=4162,2026-03-06
https://dienmayelc.com.vn/dien-may/dien-gia-dung/?add-to-cart=4235,2026-03-06
https://dienmayelc.com.vn/dien-may/dien-gia-dung/?add-to-cart=6063,2026-03-06
https://dienmayelc.com.vn/san-pham/android-tivi-casper-4k-55-inch-55ug6300/?add-to-cart=4250,2026-03-04
https://dienmayelc.com.vn/san-pham/dieu-hoa-daikin-am-tran-dieu-khien-day-5/?add-to-cart=2377,2026-03-04
https://dienmayelc.com.vn/san-pham/dieu-hoa-daikin-am-tran-dieu-khien-day/?add-to-cart=2375,2026-03-04
https://dienmayelc.com.vn/san-pham/dieu-hoa-daikin-loai-tu-dung-inverter-dieu-khien-khong-day-3/?add-to-cart=1523,2026-03-04
https://dienmayelc.com.vn/san-pham/dieu-hoa-daikin-am-tran-dieu-khien-day-7/?add-to-cart=2383,2026-03-04
https://dienmayelc.com.vn/san-pham/dieu-hoa-daikin-am-tran-dieu-khien-day-5/?add-to-cart=3159,2026-03-04
https://dienmayelc.com.vn/san-pham/dieu-hoa-daikin-am-tran-dieu-khien-day-5/?add-to-cart=2375,2026-03-03
https://dienmayelc.com.vn/san-pham/smart-tivi-qled-samsung-4k-55-inch-55q70ta/?add-to-cart=5077,2026-03-03
https://dienmayelc.com.vn/dien-may/?add-to-cart=4623,2026-03-02
https://dienmayelc.com.vn/cua-hang/page/10/?add-to-cart=1592,2026-03-02
https://dienmayelc.com.vn/san-pham/dieu-hoa-daikin-am-tran-dieu-khien-khong-day-6/?add-to-cart=2373,2026-03-02
https://dienmayelc.com.vn/he-thong-dieu-hoa-khong-khi/may-lanh-giau-tran-noi-ong-gio/?add-to-cart=3065,2026-03-01
https://dienmayelc.com.vn/san-pham/may-lanh-am-tran-cu-akibi-5hp/?add-to-cart=4069,2026-03-01
https://dienmayelc.com.vn/san-pham/dieu-hoa-daikin-am-tran-dieu-khien-day/?add-to-cart=2377,2026-03-01
https://dienmayelc.com.vn/san-pham/may-hut-bui-xiaomi-robot-vacuum-s10-eu-bhr5988eu/?add-to-cart=4137,2026-02-28
https://dienmayelc.com.vn/san-pham/android-tivi-casper-4k-55-inch-55ug6300/?add-to-cart=4109,2026-02-28
https://dienmayelc.com.vn/he-thong-dieu-hoa-khong-khi/page/6/?add-to-cart=1500,2026-02-28
https://dienmayelc.com.vn/san-pham/may-hut-bui-xiaomi-robot-vacuum-s10-eu-bhr5988eu/?add-to-cart=6084,2026-02-28
https://dienmayelc.com.vn/san-pham/may-say-ngung-tu-electrolux-8-kg-edc804p5wb/?add-to-cart=4109,2026-02-28
https://dienmayelc.com.vn/san-pham/dieu-hoa-daikin-loai-tu-dung-inverter-dieu-khien-khong-day-3/?add-to-cart=1524,2026-02-28
https://dienmayelc.com.vn/san-pham/dieu-hoa-daikin-am-tran-dieu-khien-day-5/?add-to-cart=2390,2026-02-28
https://dienmayelc.com.vn/san-pham/tu-dong-alaska-471-lit-bcd-6567n/?add-to-cart=4497,2026-02-28
https://dienmayelc.com.vn/san-pham/tu-dong-alaska-471-lit-bcd-6567n/?add-to-cart=4281,2026-02-28
https://dienmayelc.com.vn/he-thong-dieu-hoa-khong-khi/may-lanh-giau-tran-noi-ong-gio/?add-to-cart=3068,2026-02-28
https://dienmayelc.com.vn/san-pham/tu-dong-alaska-471-lit-bcd-6567n/?add-to-cart=4217,2026-02-28
https://dienmayelc.com.vn/san-pham/dieu-hoa-daikin-loại-ap-tran-tieu-chuan-inverter-dieu-khien-day-2/?add-to-cart=3194,2026-02-28
https://dienmayelc.com.vn/san-pham/tu-dong-alaska-471-lit-bcd-6567n/?add-to-cart=4109,2026-02-28
https://dienmayelc.com.vn/san-pham/dieu-hoa-daikin-loại-ap-tran-tieu-chuan-inverter-dieu-khien-day-2/?add-to-cart=2386,2026-02-27
https://dienmayelc.com.vn/may-giat/?add-to-cart=4568,2026-02-27
https://dienmayelc.com.vn/tu-lanh/?add-to-cart=6210,2026-02-25
https://dienmayelc.com.vn/he-thong-dieu-hoa-khong-khi/page/6/?add-to-cart=1498,2026-02-25
https://dienmayelc.com.vn/he-thong-dieu-hoa-khong-khi/page/6/?add-to-cart=1594,2026-02-24
https://dienmayelc.com.vn/he-thong-dieu-hoa-khong-khi/page/6/?add-to-cart=1524,2026-02-24
https://dienmayelc.com.vn/dieu-hoa-treo-tuong-am-tran-nha-pho-tiet-kiem/feed/,2026-02-23
https://dienmayelc.com.vn/san-pham/android-tivi-tcl-4k-65-inch-65p715/?add-to-cart=4272,2026-02-19
https://dienmayelc.com.vn/dien-may/dien-gia-dung/thiet-bi-nha-bep/?add-to-cart=4124,2026-02-18
https://dienmayelc.com.vn/san-pham/dieu-hoa-daikin-am-tran-dieu-khien-khong-day-6/?add-to-cart=3154,2026-02-17
https://dienmayelc.com.vn/may-lanh-inverter-co-tiet-kiem-dien/feed/,2026-02-16
https://dienmayelc.com.vn/san-pham/dieu-hoa-daikin-am-tran-dieu-khien-khong-day-5/?add-to-cart=2381,2026-02-15
https://dienmayelc.com.vn/san-pham/dieu-hoa-daikin-loại-ap-tran-tieu-chuan-inverter-dieu-khien-day/?add-to-cart=2380,2026-02-14
https://dienmayelc.com.vn/san-pham/tu-mat-alaska-425-lit-lc-833c/?add-to-cart=4419,2026-02-14
https://dienmayelc.com.vn/san-pham/noi-chien-khong-dau-smart-plus-nagakawa-nag3303/?add-to-cart=6084,2026-02-13
https://dienmayelc.com.vn/san-pham/dieu-hoa-daikin-air-loai-tu-dung-inverter-dieu-khien-day-2/feed/,2026-02-13
https://dienmayelc.com.vn/san-pham/tu-mat-sanaky-160-lit-vh-168kl/?add-to-cart=4124,2026-02-10
https://dienmayelc.com.vn/san-pham/dieu-hoa-daikin-am-tran-dieu-khien-khong-day-5/?add-to-cart=2382,2026-02-10
https://dienmayelc.com.vn/san-pham/dieu-hoa-daikin-ap-tran-dieu-khien-day-fhfc85dv1-rzfc85dvm-brc2e61/?add-to-cart=2389,2026-02-09
https://dienmayelc.com.vn/san-pham/dieu-hoa-daikin-ap-tran-dieu-khien-day-fhfc85dv1-rzfc85dvm-brc2e61/?add-to-cart=3193,2026-02-09
https://dienmayelc.com.vn/may-lanh-keu-to/feed/,2026-02-08
https://dienmayelc.com.vn/cua-hang/page/10/?add-to-cart=1596,2026-02-08
https://dienmayelc.com.vn/san-pham/dieu-hoa-daikin-am-tran-dieu-khien-day-6/?add-to-cart=2378,2026-02-08
https://dienmayelc.com.vn/san-pham/dieu-hoa-daikin-am-tran-dieu-khien-day-9/?add-to-cart=3157,2026-02-08
https://dienmayelc.com.vn/he-thong-cap-khi-tuoi/feed/,2026-02-07
https://dienmayelc.com.vn/dieu-khien-dieu-hoa-bang-dien-thoai/feed/,2026-02-07
https://dienmayelc.com.vn/san-pham/dieu-hoa-daikin-am-tran-dieu-khien-khong-day-6/?add-to-cart=3147,2026-02-07
https://dienmayelc.com.vn/vi-tri-lap-dieu-hoa-trong-phong-ngu/feed/,2026-02-07
https://dienmayelc.com.vn/san-pham/dieu-hoa-treo-tuong-daikin-tieu-chuan-inverter-1-chieu-ftky71wvmv-rky71wvmv/?add-to-cart=3951,2026-02-07
https://dienmayelc.com.vn/san-pham/may-giat-lg-inverter-9-kg-fv1409s4w/?add-to-cart=4235,2026-02-07
https://dienmayelc.com.vn/thiet-ke-he-thong-dhkk-lkk-mrs-phuong-quan-3/feed/,2026-02-06
https://dienmayelc.com.vn/san-pham/may-giat-lg-inverter-9-kg-fv1409s4w/?add-to-cart=4190,2026-02-06
https://dienmayelc.com.vn/ti-vi/feed/,2026-02-06
https://dienmayelc.com.vn/tag/phan-mem-dieu-khien-dieu-hoa/feed/,2026-02-06
https://dienmayelc.com.vn/tag/cach-chon-he-thong-loc-khong-khi-cho-gia-dinh/feed/,2026-02-06
https://dienmayelc.com.vn/san-pham/tu-cham-soc-quan-ao-thong-minh-samsung-df60r8600cg-sv/?add-to-cart=4137,2026-02-06
https://dienmayelc.com.vn/cach-thi-cong-may-lanh-am-tran-tiet-kiem-chi-phi-nhat/feed/,2026-02-06
https://dienmayelc.com.vn/san-pham/tu-cham-soc-quan-ao-thong-minh-samsung-df60r8600cg-sv/?add-to-cart=4257,2026-02-06
https://dienmayelc.com.vn/san-pham/tu-cham-soc-quan-ao-thong-minh-samsung-df60r8600cg-sv/?add-to-cart=4153,2026-02-06
https://dienmayelc.com.vn/san-pham/tu-cham-soc-quan-ao-thong-minh-samsung-df60r8600cg-sv/?add-to-cart=4396,2026-02-06
https://dienmayelc.com.vn/san-pham/tu-cham-soc-quan-ao-thong-minh-samsung-df60r8600cg-sv/?add-to-cart=4162,2026-02-06
https://dienmayelc.com.vn/san-pham/tu-cham-soc-quan-ao-thong-minh-samsung-df60r8600cg-sv/?add-to-cart=4603,2026-02-06
https://dienmayelc.com.vn/san-pham/dieu-hoa-daikin-am-tran-dieu-khien-day-7/?add-to-cart=2375,2026-02-06
https://dienmayelc.com.vn/tu-lanh/?add-to-cart=4235,2026-02-06
https://dienmayelc.com.vn/tu-lanh/?add-to-cart=4124,2026-02-06
https://dienmayelc.com.vn/tu-lanh/?add-to-cart=4153,2026-02-06
https://dienmayelc.com.vn/bat-mi-quy-trinh-ve-sinh-may-lanh-cong-nghiep-dat-chuan/feed/,2026-02-06
https://dienmayelc.com.vn/san-pham/may-giat-lg-inverter-9-kg-fv1409s4w/?add-to-cart=4207,2026-02-06
https://dienmayelc.com.vn/cua-hang/?add-to-cart=5119,2026-02-05
https://dienmayelc.com.vn/?add-to-cart=3063,2026-02-05
https://dienmayelc.com.vn/cong-nghe-inverter-la-gi/feed/,2026-02-05
https://dienmayelc.com.vn/cua-hang/?add-to-cart=2373,2026-02-05
https://dienmayelc.com.vn/cua-hang/?add-to-cart=3156,2026-02-05
https://dienmayelc.com.vn/may-lanh-chay-mot-luc-roi-tat-roi-chay-lai/feed/,2026-02-04
https://dienmayelc.com.vn/remote-may-lanh-khong-hien-thi-nhiet-do/feed/,2026-02-04
https://dienmayelc.com.vn/may-giat/?add-to-cart=4509,2026-02-03
https://dienmayelc.com.vn/may-giat/?add-to-cart=4549,2026-02-02
https://dienmayelc.com.vn/cung-cap-thi-cong-may-lanh-dan-dung-va-cong-nghiep-gia-re/feed/,2026-02-02
https://dienmayelc.com.vn/may-giat/?add-to-cart=4502,2026-02-02
https://dienmayelc.com.vn/hoan-thien-thi-cong-lap-dat-he-thong-dhkk-kdt-soll-villas-quan-2/feed/,2026-02-01
https://dienmayelc.com.vn/may-giat/?add-to-cart=4536,2026-02-01
https://dienmayelc.com.vn/san-pham/tu-dong-alaska-471-lit-bcd-6567n/?add-to-cart=4396,2026-02-01
https://dienmayelc.com.vn/san-pham/may-giat-samsung-inverter-9-kg-ww90t3040ww-sv/?add-to-cart=4383,2026-02-01
https://dienmayelc.com.vn/san-pham/may-giat-lg-inverter-10-5-kg-fv1450s3v/?add-to-cart=4250,2026-01-31
https://dienmayelc.com.vn/tag/thiet-ke-he-thong-dhkk-giau-tran-noi-ong-gio-he-thong-loc/feed/,2026-01-31
https://dienmayelc.com.vn/san-pham/tu-lanh-casper-inverter-463-lit-rm-522vbw/feed/,2026-01-31
https://dienmayelc.com.vn/giai-phap-hieu-qua-cho-thoi-tiet-nom-vao-mua-xuan-cua-mien-bac-voi-may-cap-khi-tuoi-thu-hoi-nhiet-2-chieu-menred/feed/,2026-01-31
https://dienmayelc.com.vn/danh-muc/he-thong-dieu-hoa-khong-khi/san-pham-cu-da-qua-su-dung/?add-to-cart=4085,2026-01-31
https://dienmayelc.com.vn/so-do-he-thong-lanh-2-cap-nen/feed/,2026-01-31
https://dienmayelc.com.vn/san-pham/dieu-hoa-daikin-loại-noi-ong-gio-tieu-chuan-inverter-dieu-khien-day-2/?add-to-cart=3064,2026-01-31
https://dienmayelc.com.vn/hang_sx/daikin/page/3/?add-to-cart=3067,2026-01-31
https://dienmayelc.com.vn/san-pham/may-lanh-am-tran-daikin-inverter-2-0hp-fffc50avm/feed/,2026-01-31
https://dienmayelc.com.vn/san-pham/may-lanh-am-tran-daikin-inverter-2-0hp-fffc50avm/?add-to-cart=4069,2026-01-31
https://dienmayelc.com.vn/san-pham/may-giat-say-lg-inverter-9-kg-fv1409g4v/?add-to-cart=4124,2026-01-31
https://dienmayelc.com.vn/may-lanh-aqua-bao-loi-f1/feed/,2026-01-31
https://dienmayelc.com.vn/san-pham/may-giat-say-lg-inverter-9-kg-fv1409g4v/?add-to-cart=4413,2026-01-31
https://dienmayelc.com.vn/tag/thiet-ke-he-thong-dieu-hoa-khong-khi-he-thong-loc-cap-khi-tuoi/feed/,2026-01-31
https://dienmayelc.com.vn/san-pham/tu-dong-alaska-471-lit-bcd-6567n/feed/,2026-01-31
https://dienmayelc.com.vn/san-pham/tu-dong-alaska-471-lit-bcd-6567n/?add-to-cart=4190,2026-01-31
https://dienmayelc.com.vn/san-pham/dieu-hoa-daikin-loai-tu-dung-inverter-dieu-khien-khong-day-2/?add-to-cart=1519,2026-01-30
https://dienmayelc.com.vn/tag/5-cong-nghe-loc-bui-khu-khuan/feed/,2026-01-30
https://dienmayelc.com.vn/tag/may-lanh-panasonic-chop-den-timer/feed/,2026-01-30
https://dienmayelc.com.vn/dien-may/?add-to-cart=4523,2026-01-30
https://dienmayelc.com.vn/san-pham/dieu-hoa-daikin-ap-tran-dieu-khien-khong-day/?add-to-cart=2392,2026-01-30
https://dienmayelc.com.vn/san-pham/dieu-hoa-daikin-ap-tran-dieu-khien-khong-day/?add-to-cart=2386,2026-01-30
https://dienmayelc.com.vn/vrv-la-gi/feed/,2026-01-30
https://dienmayelc.com.vn/san-pham/dieu-hoa-daikin-air-loai-tu-dung-inverter-dieu-khien-day/?add-to-cart=1523,2026-01-30
https://dienmayelc.com.vn/huong-dan-ve-sinh-may-lanh-tai-nha-dung-cach/feed/,2026-01-30
https://dienmayelc.com.vn/tin-tuc/feed/,2026-01-30
https://dienmayelc.com.vn/huong-dan-su-dung-dieu-khien-dieu-hoa-mitsubishi/feed/,2026-01-30
https://dienmayelc.com.vn/san-pham/may-giat-say-lg-inverter-9-kg-fv1409g4v/?add-to-cart=4272,2026-01-30
https://dienmayelc.com.vn/san-pham/may-giat-samsung-inverter-9-kg-ww90t3040ww-sv/?add-to-cart=4568,2026-01-30
https://dienmayelc.com.vn/san-pham/dieu-hoa-daikin-am-tran-dieu-khien-khong-day-4/?add-to-cart=3160,2026-01-30
https://dienmayelc.com.vn/san-pham/dieu-hoa-daikin-loại-noi-ong-gio-tieu-chuan-inverter-dieu-khien-day-2/?add-to-cart=3067,2026-01-30
https://dienmayelc.com.vn/may-lanh-bi-dong-tuyet/feed/,2026-01-30
https://dienmayelc.com.vn/san-pham/may-giat-say-lg-inverter-9-kg-fv1409g4v/?add-to-cart=4235,2026-01-30
https://dienmayelc.com.vn/san-pham/tu-lanh-sharp-inverter-180-lit-sj-x196e-sl/?add-to-cart=4264,2026-01-30
https://dienmayelc.com.vn/san-pham/may-giat-lg-inverter-8-5-kg-fv1408s4v/?add-to-cart=4497,2026-01-30
https://dienmayelc.com.vn/tag/vi-tri-lap-cuc-nong-dieu-hoa/feed/,2026-01-30
https://dienmayelc.com.vn/san-pham/may-giat-lg-inverter-8-5-kg-fv1408s4v/?add-to-cart=4549,2026-01-30
https://dienmayelc.com.vn/san-pham/may-giat-lg-inverter-8-5-kg-fv1408s4v/?add-to-cart=4217,2026-01-30
https://dienmayelc.com.vn/san-pham/may-giat-lg-inverter-8-5-kg-fv1408s4v/?add-to-cart=4536,2026-01-30
https://dienmayelc.com.vn/san-pham/may-giat-lg-inverter-8-5-kg-fv1408s4v/?add-to-cart=4172,2026-01-30
https://dienmayelc.com.vn/san-pham/may-giat-lg-inverter-8-5-kg-fv1408s4v/?add-to-cart=4509,2026-01-30
https://dienmayelc.com.vn/san-pham/may-giat-lg-inverter-8-5-kg-fv1408s4v/?add-to-cart=4272,2026-01-30
https://dienmayelc.com.vn/san-pham/may-giat-lg-inverter-8-5-kg-fv1408s4v/feed/,2026-01-30
https://dienmayelc.com.vn/?add-to-cart=3065,2026-01-29
https://dienmayelc.com.vn/san-pham/may-giat-say-lg-inverter-9-kg-fv1409g4v/?add-to-cart=4250,2026-01-29
https://dienmayelc.com.vn/san-pham/dieu-hoa-daikin-am-tran-dieu-khien-day-6/?add-to-cart=3157,2026-01-29
https://dienmayelc.com.vn/tag/thi-cong-he-thong-dieu-hoa-khong-khi-cho-quan-pho-tai-phu-nhuan-ho-chi-minh/feed/,2026-01-29
https://dienmayelc.com.vn/san-pham/dieu-hoa-daikin-am-tran-dieu-khien-khong-day-4/?add-to-cart=2375,2026-01-29
https://dienmayelc.com.vn/san-pham/dieu-hoa-daikin-ap-tran-dieu-khien-khong-day/?add-to-cart=2387,2026-01-29
https://dienmayelc.com.vn/san-pham/tu-lanh-sharp-inverter-180-lit-sj-x196e-sl/?add-to-cart=4396,2026-01-29
https://dienmayelc.com.vn/san-pham/tu-lanh-sharp-inverter-180l-sj-x196e-dss/?add-to-cart=4217,2026-01-29
https://dienmayelc.com.vn/san-pham/tu-lanh-sharp-inverter-180l-sj-x196e-dss/?add-to-cart=4235,2026-01-29
https://dienmayelc.com.vn/san-pham/dieu-hoa-daikin-loại-ap-tran-tieu-chuan-inverter-dieu-khien-day-2/?add-to-cart=2388,2026-01-29
https://dienmayelc.com.vn/cua-hang/page/4/?add-to-cart=3953,2026-01-29
https://dienmayelc.com.vn/san-pham/dieu-hoa-daikin-am-tran-dieu-khien-khong-day-5/?add-to-cart=3161,2026-01-29
https://dienmayelc.com.vn/san-pham/may-giat-samsung-inverter-9-kg-ww90t3040ww-sv/?add-to-cart=4172,2026-01-29
https://dienmayelc.com.vn/tag/ma-loi-may-lanh-panasonic-inverter/feed/,2026-01-29
https://dienmayelc.com.vn/he-thong-dieu-hoa-khong-khi/page/2/?add-to-cart=3160,2026-01-29
https://dienmayelc.com.vn/cong-trinh-thi-cong-lap-dat-he-thong-cap-gio-tuoi-thu-hoi-nhiet-cho-nha-hang-lien-hoa-binh-chanh/feed/,2026-01-29
https://dienmayelc.com.vn/san-pham/dieu-hoa-daikin-noi-ong-gio-dieu-khien-day/?add-to-cart=3061,2026-01-29
https://dienmayelc.com.vn/san-pham/tu-lanh-sharp-inverter-180l-sj-x196e-dss/?add-to-cart=4262,2026-01-29
https://dienmayelc.com.vn/san-pham/tu-lanh-casper-inverter-463-lit-rm-522vbw/?add-to-cart=4250,2026-01-29
https://dienmayelc.com.vn/san-pham/tu-dong-alaska-471-lit-bcd-6567n/?add-to-cart=4124,2026-01-29
https://dienmayelc.com.vn/he-thong-cap-gio-tuoi-menred-giai-phap-huu-ich-cho-bao-ve-moi-truong-va-giam-khi-nha-kinh/feed/,2026-01-29
https://dienmayelc.com.vn/san-pham/dieu-hoa-daikin-noi-ong-gio-dieu-khien-day/?add-to-cart=3058,2026-01-29
https://dienmayelc.com.vn/danh-muc/he-thong-dieu-hoa-khong-khi/san-pham-cu-da-qua-su-dung/?add-to-cart=4098,2026-01-28
https://dienmayelc.com.vn/san-pham/dieu-hoa-daikin-am-tran-dieu-khien-khong-day-2/?add-to-cart=3160,2026-01-28
https://dienmayelc.com.vn/tag/lam-viec-cung-ngai-yuri-tashida/feed/,2026-01-28
https://dienmayelc.com.vn/danh-muc/he-thong-dieu-hoa-khong-khi/page/5/?add-to-cart=1524,2026-01-28
https://dienmayelc.com.vn/tieu-de-giao-luu-trao-doi-cong-viec-voi-mr-yuri-tashida-pho-giam-doc-kinh-doanh-daikin-tp-hcm/feed/,2026-01-28
https://dienmayelc.com.vn/san-pham/dieu-hoa-daikin-ap-tran-dieu-khien-khong-day-2/feed/,2026-01-28
https://dienmayelc.com.vn/tag/may-lanh-panasonic-bao-loi-h11/feed/,2026-01-28
https://dienmayelc.com.vn/thiet-ke-he-thong-dhkk-giau-tran-noi-ong-gio-he-thong-loc-cap-khi-tuoi-hoi-nhiet-2-chieu-can-ho-mrs-phuong-quan-3-tp-hcm/feed/,2026-01-28
https://dienmayelc.com.vn/cua-hang/page/8/?add-to-cart=4442,2026-01-28
https://dienmayelc.com.vn/cua-hang/page/8/?add-to-cart=4109,2026-01-28
https://dienmayelc.com.vn/huong-dan-ve-sinh-bao-duong-dieu-hoa-tai-nha-don-gian-nhat/feed/,2026-01-28
https://dienmayelc.com.vn/cua-hang/page/8/?add-to-cart=4207,2026-01-28
https://dienmayelc.com.vn/cua-hang/page/8/?add-to-cart=4153,2026-01-28
https://dienmayelc.com.vn/cua-hang/page/8/?add-to-cart=4162,2026-01-28
https://dienmayelc.com.vn/cua-hang/page/8/?add-to-cart=4172,2026-01-28
https://dienmayelc.com.vn/cua-hang/page/8/?add-to-cart=4452,2026-01-28
https://dienmayelc.com.vn/cua-hang/page/8/?add-to-cart=4413,2026-01-28
https://dienmayelc.com.vn/cua-hang/page/8/?add-to-cart=4235,2026-01-28
https://dienmayelc.com.vn/cua-hang/page/8/?add-to-cart=4137,2026-01-28
https://dienmayelc.com.vn/tag/van-tiet-luu-dieu-hoa/feed/,2026-01-28
https://dienmayelc.com.vn/cua-hang/page/8/?add-to-cart=4217,2026-01-28
https://dienmayelc.com.vn/cua-hang/page/8/?add-to-cart=4419,2026-01-28
https://dienmayelc.com.vn/san-pham/dieu-hoa-daikin-loại-noi-ong-gio-tieu-chuan-inverter-dieu-khien-khong-day/?add-to-cart=3067,2026-01-28
https://dienmayelc.com.vn/loi-h11-dieu-hoa-panasonic/feed/,2026-01-28
https://dienmayelc.com.vn/huong-dan-lap-dat-dieu-hoa-am-tran/feed/,2026-01-28
https://dienmayelc.com.vn/cua-hang/page/8/?add-to-cart=4396,2026-01-28
https://dienmayelc.com.vn/san-pham/smart-tivi-samsung-4k-43-inch-43au8000/?add-to-cart=4162,2026-01-28
https://dienmayelc.com.vn/san-pham/dieu-hoa-daikin-am-tran-dieu-khien-khong-day-4/?add-to-cart=3150,2026-01-28
https://dienmayelc.com.vn/tag/dong-nai/feed/,2026-01-28
https://dienmayelc.com.vn/san-pham/may-giat-say-lg-inverter-9-kg-fv1409g4v/?add-to-cart=4264,2026-01-28
https://dienmayelc.com.vn/tag/cach-dung-dieu-khien-dieu-hoa-casper/feed/,2026-01-28
https://dienmayelc.com.vn/san-pham/may-giat-samsung-inverter-9-kg-ww90t3040ww-sv/?add-to-cart=4137,2026-01-28
https://dienmayelc.com.vn/san-pham/robot-hut-bui-lau-nha-ozmo-deebot-t9-mau-trang-ban-quoc-te/feed/,2026-01-28
https://dienmayelc.com.vn/tag/nguyen-ly-hoat-dong-cua-loi-loc-cartridge/feed/,2026-01-28
https://dienmayelc.com.vn/he-thong-dieu-hoa-khong-khi/page/2/?add-to-cart=3150,2026-01-28
https://dienmayelc.com.vn/san-pham/tu-mat-alaska-550-lit-lc-933c/?add-to-cart=4497,2026-01-28
https://dienmayelc.com.vn/san-pham/smart-tivi-samsung-4k-43-inch-43au8000/feed/,2026-01-28
https://dienmayelc.com.vn/dien-may/page/4/?add-to-cart=6210,2026-01-28
https://dienmayelc.com.vn/tag/cach-su-dung-remote-may-lanh-casper/feed/,2026-01-28
https://dienmayelc.com.vn/san-pham/may-giat-samsung-inverter-9-kg-ww90t3040ww-sv/?add-to-cart=4250,2026-01-28
https://dienmayelc.com.vn/tag/dieu-hoa-tu-tat/feed/,2026-01-28
https://dienmayelc.com.vn/he-thong-dieu-hoa-khong-khi/page/2/?add-to-cart=2383,2026-01-28
https://dienmayelc.com.vn/san-pham/tu-mat-alaska-550-lit-lc-933c/?add-to-cart=4268,2026-01-28
https://dienmayelc.com.vn/tag/he-thong-loc-khong-khi-o-khu-do-thi-senturia-vuon-lai-an-phu-dong-q12/feed/,2026-01-28
https://dienmayelc.com.vn/san-pham/tu-lanh-sharp-inverter-180-lit-sj-x196e-sl/?add-to-cart=4484,2026-01-28
https://dienmayelc.com.vn/san-pham/dieu-hoa-daikin-air-loai-tu-dung-inverter-dieu-khien-day-3/?add-to-cart=3055,2026-01-28
https://dienmayelc.com.vn/san-pham/may-say-bom-nhiet-samsung-inverter-9-kg-dv90t7240bb-sv/feed/,2026-01-28
https://dienmayelc.com.vn/san-pham/may-lanh-panasonic/?add-to-cart=1594,2026-01-28
https://dienmayelc.com.vn/hang_sx/daikin/page/3/?add-to-cart=3065,2026-01-28
https://dienmayelc.com.vn/san-pham/smart-tivi-samsung-4k-43-inch-43au8000/?add-to-cart=4109,2026-01-28
https://dienmayelc.com.vn/dien-may/page/4/?add-to-cart=4235,2026-01-28
https://dienmayelc.com.vn/dien-may/page/4/?add-to-cart=4468,2026-01-28
https://dienmayelc.com.vn/dien-may/page/4/?add-to-cart=4153,2026-01-28
https://dienmayelc.com.vn/dien-may/page/4/?add-to-cart=4477,2026-01-28
https://dienmayelc.com.vn/dien-may/page/4/?add-to-cart=4442,2026-01-28
https://dienmayelc.com.vn/dien-may/page/4/?add-to-cart=4413,2026-01-28
https://dienmayelc.com.vn/dien-may/page/4/?add-to-cart=4419,2026-01-28
https://dienmayelc.com.vn/dien-may/page/4/?add-to-cart=4452,2026-01-28
https://dienmayelc.com.vn/tag/hen-gio-dieu-hoa-lg/feed/,2026-01-28
https://dienmayelc.com.vn/dien-may/page/4/?add-to-cart=4109,2026-01-28
https://dienmayelc.com.vn/tag/may-lanh-am-tran/feed/,2026-01-28
https://dienmayelc.com.vn/san-pham/dieu-hoa-daikin-am-tran-dieu-khien-khong-day-2/?add-to-cart=3161,2026-01-28
https://dienmayelc.com.vn/san-pham/may-giat-samsung-inverter-9-kg-ww90t3040ww-sv/?add-to-cart=4281,2026-01-28
https://dienmayelc.com.vn/dien-may/page/4/?add-to-cart=4217,2026-01-28
https://dienmayelc.com.vn/dien-may/page/4/?add-to-cart=4460,2026-01-28
https://dienmayelc.com.vn/dien-may/page/4/?add-to-cart=4137,2026-01-28
https://dienmayelc.com.vn/tieu-de-kham-pha-he-thong-cap-gio-tuoi-sach-thu-hoi-nhiet-2-chieu-menred/feed/,2026-01-28
https://dienmayelc.com.vn/san-pham/tu-cham-soc-quan-ao-thong-minh-samsung-df60r8600cg-sv/feed/,2026-01-28
https://dienmayelc.com.vn/tag/dinh-quan/feed/,2026-01-28
https://dienmayelc.com.vn/tag/van-tiet-luu/feed/,2026-01-28
https://dienmayelc.com.vn/dien-may/page/3/?add-to-cart=4262,2026-01-28
https://dienmayelc.com.vn/san-pham/dieu-hoa-daikin-am-tran-dieu-khien-day-6/feed/,2026-01-28
https://dienmayelc.com.vn/tag/sensor-la-gi/feed/,2026-01-28
https://dienmayelc.com.vn/san-pham/tu-dong-alaska-500-lit-bcd-5068n/?add-to-cart=4207,2026-01-28
https://dienmayelc.com.vn/san-pham/may-giat-say-lg-inverter-9-kg-fv1409g4v/?add-to-cart=4383,2026-01-28
https://dienmayelc.com.vn/san-pham/tu-lanh-casper-inverter-463-lit-rm-522vbw/?add-to-cart=4172,2026-01-28
https://dienmayelc.com.vn/tag/huong-dan-su-dung-dieu-hoa-casper/feed/,2026-01-28
https://dienmayelc.com.vn/san-pham/tu-lanh-sharp-inverter-180l-sj-x196e-dss/?add-to-cart=4268,2026-01-28
https://dienmayelc.com.vn/tag/huong-dan-dieu-khien-dieu-hoa-casper/feed/,2026-01-28
https://dienmayelc.com.vn/san-pham/tu-mat-sanaky-1400-lit-vh-1520hp/feed/,2026-01-28
https://dienmayelc.com.vn/tag/may-lanh-inverter/feed/,2026-01-28
https://dienmayelc.com.vn/cach-su-dung-dieu-khien-dieu-hoa-casper/feed/,2026-01-28
https://dienmayelc.com.vn/san-pham/dieu-hoa-daikin-am-tran-dieu-khien-day-9/?add-to-cart=2383,2026-01-27
https://dienmayelc.com.vn/san-pham/dieu-hoa-daikin-am-tran-dieu-khien-day-4/feed/,2026-01-27
https://dienmayelc.com.vn/san-pham/dieu-hoa-daikin-am-tran-dieu-khien-day-7/?add-to-cart=2378,2026-01-27
https://dienmayelc.com.vn/san-pham/may-say-thong-hoi-electrolux-8-5-kg-eds854j3wb/?add-to-cart=4109,2026-01-27
https://dienmayelc.com.vn/cong-nghe-loi-loc-trong-may-cap-gio-tuoi/feed/,2026-01-27
https://dienmayelc.com.vn/dien-may/page/3/?add-to-cart=4950,2026-01-27
https://dienmayelc.com.vn/san-pham/dieu-hoa-daikin-loại-noi-ong-gio-tieu-chuan-inverter-dieu-khien-khong-day/?add-to-cart=3061,2026-01-27
https://dienmayelc.com.vn/san-pham/tu-dong-alaska-bcd-4567n/feed/,2026-01-27
https://dienmayelc.com.vn/san-pham/may-giat-say-lg-inverter-9-kg-fv1409g4v/?add-to-cart=4257,2026-01-27
https://dienmayelc.com.vn/tag/moi-chat-lanh-la-gi/feed/,2026-01-27
https://dienmayelc.com.vn/san-pham/dieu-hoa-daikin-air-loai-tu-dung-inverter-dieu-khien-day/?add-to-cart=1524,2026-01-27
https://dienmayelc.com.vn/san-pham/may-say-thong-hoi-electrolux-8-5-kg-eds854j3wb/?add-to-cart=4162,2026-01-27
https://dienmayelc.com.vn/he-thong-dieu-hoa-khong-khi/page/5/?add-to-cart=1596,2026-01-27
https://dienmayelc.com.vn/tag/may-lanh-tot-nhat-hien-nay/feed/,2026-01-27
https://dienmayelc.com.vn/tag/vai-tro-cua-he-thong-loc-bui-tui-vai-trong-viec-xu-ly-bui/feed/,2026-01-27
https://dienmayelc.com.vn/danh-muc/he-thong-dieu-hoa-khong-khi/page/3/?add-to-cart=3063,2026-01-27
https://dienmayelc.com.vn/tag/may-loc-khong-khi-trung-tam-menred/feed/,2026-01-27
https://dienmayelc.com.vn/hang_sx/daikin/page/3/?add-to-cart=3954,2026-01-27
https://dienmayelc.com.vn/he-thong-dieu-hoa-khong-khi/page/5/?add-to-cart=1592,2026-01-27
https://dienmayelc.com.vn/san-pham/noi-chien-khong-dau-philips-hd925290/?add-to-cart=5521,2026-01-27
https://dienmayelc.com.vn/tag/may-lanh-chay-mot-luc-roi-tat/feed/,2026-01-27
https://dienmayelc.com.vn/san-pham/dieu-hoa-am-tran-daikin-inverter-fcq71kavea-rzq71lv1-dieu-khien-day/feed/,2026-01-27
https://dienmayelc.com.vn/tag/thiet-ke-he-thong-dieu-hoa-khong-khi-cho-villa-mr-thai-binh-duong/feed/,2026-01-27
https://dienmayelc.com.vn/tag/may-cap-gio-tuoi-thu-hoi-nhiet-2-chieu-menred/feed/,2026-01-27
https://dienmayelc.com.vn/catalogue-loc-khong-khi/feed/,2026-01-27
https://dienmayelc.com.vn/tag/kham-pha-he-thong-cap-gio-tuoi-sach-thu-hoi-nhiet-2-chieu-menred/feed/,2026-01-27
https://dienmayelc.com.vn/tag/thiet-ke-he-thong-loc-khong-khi-cho-mrs-tham/feed/,2026-01-27
https://dienmayelc.com.vn/he-thong-dieu-hoa-khong-khi/may-lanh-ap-tran/?add-to-cart=2388,2026-01-27
https://dienmayelc.com.vn/dien-may/page/3/?add-to-cart=4634,2026-01-27
https://dienmayelc.com.vn/san-pham/tu-dong-alaska-500-lit-bcd-5068n/?add-to-cart=4452,2026-01-27
https://dienmayelc.com.vn/tag/cam-bien-la-gi/feed/,2026-01-27
https://dienmayelc.com.vn/san-pham/tu-lanh-sharp-inverter-180-lit-sj-x196e-sl/?add-to-cart=4257,2026-01-27
https://dienmayelc.com.vn/tag/eco-la-gi-trong-may-lanh/feed/,2026-01-27
https://dienmayelc.com.vn/tag/daikin/feed/,2026-01-27
https://dienmayelc.com.vn/danh-muc/he-thong-dieu-hoa-khong-khi/page/4/?add-to-cart=1594,2026-01-27
https://dienmayelc.com.vn/tag/thiet-ke-he-thong-dieu-hoa-khong-khi-va-he-thong-loc-cap-khi-tuoi-thu-hoi-nhiet-2-chieu/feed/,2026-01-27
https://dienmayelc.com.vn/san-pham/may-giat-say-lg-inverter-15-kg-f2515rtgw/feed/,2026-01-27
https://dienmayelc.com.vn/dao-tao-chuyen-sau-ve-he-thong-vrv-daikin/feed/,2026-01-27
https://dienmayelc.com.vn/dien-may/dien-gia-dung/thiet-bi-nha-bep/?add-to-cart=6210,2026-01-27
https://dienmayelc.com.vn/san-pham/may-giat-lg-inverter-9-kg-fv1409s4w/?add-to-cart=4268,2026-01-27
https://dienmayelc.com.vn/he-thong-dieu-hoa-khong-khi/may-lanh-ap-tran/?add-to-cart=2386,2026-01-27
https://dienmayelc.com.vn/san-pham/dieu-hoa-daikin-am-tran-dieu-khien-day-6/?add-to-cart=3147,2026-01-27
https://dienmayelc.com.vn/san-pham/tu-lanh-sharp-inverter-180-lit-sj-x196e-sl/feed/,2026-01-27
https://dienmayelc.com.vn/san-pham/may-cap-gio-tuoi-s5-thu-hoi-nhiet-luu-luong-400m3-h-menred/feed/,2026-01-27
https://dienmayelc.com.vn/dien-may/dien-gia-dung/?add-to-cart=5600,2026-01-27
https://dienmayelc.com.vn/danh-muc/he-thong-dieu-hoa-khong-khi/page/2/?add-to-cart=2389,2026-01-27
https://dienmayelc.com.vn/san-pham/dieu-hoa-treo-tuong-daikin-tieu-chuan-inverter-1-chieu/?add-to-cart=1592,2026-01-27
https://dienmayelc.com.vn/san-pham/cua-gio-trong-vent-gio-chinh-hang-menred/feed/,2026-01-27
https://dienmayelc.com.vn/san-pham/dieu-hoa-daikin-am-tran-dieu-khien-khong-day-5/?add-to-cart=3155,2026-01-27
https://dienmayelc.com.vn/san-pham/smart-tivi-samsung-32-inch-ua32t4500/feed/,2026-01-27
https://dienmayelc.com.vn/san-pham/tu-mat-sanaky-200-lit-vh-258kl/?add-to-cart=4477,2026-01-27
https://dienmayelc.com.vn/san-pham/dieu-hoa-daikin-am-tran-dieu-khien-khong-day-2/?add-to-cart=2387,2026-01-26
https://dienmayelc.com.vn/san-pham/may-giat-say-lg-inverter-15-kg-f2515rtgw/?add-to-cart=4669,2026-01-26
https://dienmayelc.com.vn/he-thong-dieu-hoa-khong-khi/page/3/?add-to-cart=3953,2026-01-26
https://dienmayelc.com.vn/san-pham/dieu-hoa-daikin-loại-ap-tran-tieu-chuan-inverter-dieu-khien-khong-day-2/?add-to-cart=3194,2026-01-26
https://dienmayelc.com.vn/san-pham/smart-tivi-qled-samsung-4k-55-inch-55q70ta/?add-to-cart=4264,2026-01-26
https://dienmayelc.com.vn/san-pham/dieu-hoa-daikin-loai-tu-dung-inverter-dieu-khien-khong-day-2/?add-to-cart=3056,2026-01-26
https://dienmayelc.com.vn/san-pham/noi-chien-khong-dau-tefal-ey401d15/?add-to-cart=4153,2026-01-26
https://dienmayelc.com.vn/san-pham/may-giat-lg-inverter-9-kg-fv1409s4w/?add-to-cart=4162,2026-01-26
https://dienmayelc.com.vn/san-pham/may-say-bom-nhiet-samsung-inverter-9-kg-dv90t7240bb-sv/?add-to-cart=4268,2026-01-26
https://dienmayelc.com.vn/danh-muc/he-thong-dieu-hoa-khong-khi/page/3/?add-to-cart=3068,2026-01-26
https://dienmayelc.com.vn/cua-hang/page/9/?add-to-cart=4468,2026-01-26
https://dienmayelc.com.vn/san-pham/dieu-hoa-daikin-am-tran-dieu-khien-khong-day-2/feed/,2026-01-26
https://dienmayelc.com.vn/san-pham/tu-mat-sanaky-1400-lit-vh-1520hp/?add-to-cart=4442,2026-01-26
https://dienmayelc.com.vn/san-pham/may-lanh-cu-gree/feed/,2026-01-26
https://dienmayelc.com.vn/he-thong-dieu-hoa-khong-khi/may-lanh-cu-cac-hang/?add-to-cart=1498,2026-01-26
https://dienmayelc.com.vn/tag/cong-nghe-nanoe/feed/,2026-01-26
https://dienmayelc.com.vn/san-pham/dieu-hoa-daikin-loại-noi-ong-gio-tieu-chuan-inverter-dieu-khien-day/?add-to-cart=3063,2026-01-26
https://dienmayelc.com.vn/san-pham/may-say-thong-hoi-electrolux-8-5-kg-eds854j3wb/?add-to-cart=4207,2026-01-26
https://dienmayelc.com.vn/san-pham/noi-chien-khong-dau-tefal-ey701d15/?add-to-cart=5591,2026-01-26
https://dienmayelc.com.vn/san-pham/noi-chien-khong-dau-tefal-ey701d15/?add-to-cart=4217,2026-01-26
https://dienmayelc.com.vn/danh-muc/he-thong-dieu-hoa-khong-khi/page/3/?add-to-cart=3058,2026-01-26
https://dienmayelc.com.vn/tag/thiet-ke-may-cap-gio-sach-thu-hoi-nhiet-2-chieu-cho-mr-tai/feed/,2026-01-26
https://dienmayelc.com.vn/san-pham/dieu-hoa-treo-tuong-daikin-tieu-chuan-inverter-1-chieu-ftky25wavmv-rky25wavmv/?add-to-cart=1588,2026-01-26
https://dienmayelc.com.vn/san-pham/tu-lanh-panasonic-inverter-306-lit-nr-tv341vgmv/?add-to-cart=4250,2026-01-26
https://dienmayelc.com.vn/san-pham/dieu-hoa-daikin-am-tran-dieu-khien-khong-day-5/?add-to-cart=2378,2026-01-26
https://dienmayelc.com.vn/san-pham/dieu-hoa-daikin-loại-ap-tran-tieu-chuan-inverter-dieu-khien-khong-day-2/?add-to-cart=2375,2026-01-26
https://dienmayelc.com.vn/san-pham/smart-tivi-qled-samsung-4k-55-inch-55q70ta/?add-to-cart=4272,2026-01-26
https://dienmayelc.com.vn/dien-may/dien-gia-dung/thiet-bi-nha-bep/?add-to-cart=4137,2026-01-26
https://dienmayelc.com.vn/danh-muc/he-thong-dieu-hoa-khong-khi/page/3/?add-to-cart=3915,2026-01-26
https://dienmayelc.com.vn/san-pham/tu-lanh-casper-inverter-463-lit-rm-522vbw/?add-to-cart=4484,2026-01-26
https://dienmayelc.com.vn/san-pham/tu-mat-alaska-450-lit-lc-450b/?add-to-cart=4207,2026-01-26
https://dienmayelc.com.vn/san-pham/smart-tivi-qled-samsung-4k-55-inch-55q70ta/?add-to-cart=4281,2026-01-26
https://dienmayelc.com.vn/huong-dan-su-dung-remote-may-lanh-toshiba/feed/,2026-01-26
https://dienmayelc.com.vn/san-pham/dieu-hoa-daikin-loại-noi-ong-gio-tieu-chuan-inverter-dieu-khien-khong-day-2/?add-to-cart=3067,2026-01-26
https://dienmayelc.com.vn/san-pham/dieu-hoa-daikin-loại-ap-tran-tieu-chuan-inverter-dieu-khien-khong-day/?add-to-cart=2377,2026-01-26
https://dienmayelc.com.vn/san-pham/dieu-hoa-treo-tuong-daikin-tieu-chuan-inverter-1-chieu-2/?add-to-cart=1594,2026-01-26
https://dienmayelc.com.vn/san-pham/may-say-ngung-tu-electrolux-8-kg-edc804p5wb/?add-to-cart=4272,2026-01-26
https://dienmayelc.com.vn/san-pham/tu-mat-sanaky-200-lit-vh-258kl/?add-to-cart=4452,2026-01-26
https://dienmayelc.com.vn/san-pham/may-say-ngung-tu-electrolux-8-kg-edc804p5wb/?add-to-cart=4207,2026-01-26
https://dienmayelc.com.vn/he-thong-dieu-hoa-khong-khi/may-lanh-ap-tran/?add-to-cart=2387,2026-01-26
https://dienmayelc.com.vn/san-pham/may-giat-say-lg-inverter-15-kg-f2515rtgw/?add-to-cart=4109,2026-01-26
https://dienmayelc.com.vn/san-pham/may-say-ngung-tu-electrolux-8-kg-edc804p5wb/feed/,2026-01-26
https://dienmayelc.com.vn/san-pham/android-tivi-casper-4k-55-inch-55ug6300/?add-to-cart=4383,2026-01-26
https://dienmayelc.com.vn/tag/diem-noi-bat-cua-may-cap-gio-tuoi-sach-menred/feed/,2026-01-26
https://dienmayelc.com.vn/san-pham/may-say-ngung-tu-electrolux-8-kg-edc804p5wb/?add-to-cart=4694,2026-01-26
https://dienmayelc.com.vn/san-pham/may-say-ngung-tu-electrolux-8-kg-edc804p5wb/?add-to-cart=4153,2026-01-26
https://dienmayelc.com.vn/san-pham/may-say-ngung-tu-electrolux-8-kg-edc804p5wb/?add-to-cart=4396,2026-01-26
https://dienmayelc.com.vn/san-pham/may-say-ngung-tu-electrolux-8-kg-edc804p5wb/?add-to-cart=4235,2026-01-26
https://dienmayelc.com.vn/san-pham/kep-ong-d75-gan-tran-tuong-menred/feed/,2026-01-26
https://dienmayelc.com.vn/san-pham/may-say-ngung-tu-electrolux-8-kg-edc804p5wb/?add-to-cart=4190,2026-01-26
https://dienmayelc.com.vn/san-pham/may-say-bom-nhiet-samsung-inverter-9-kg-dv90t7240bb-sv/?add-to-cart=4281,2026-01-26
https://dienmayelc.com.vn/san-pham/dieu-hoa-daikin-loại-ap-tran-tieu-chuan-inverter-dieu-khien-khong-day/feed/,2026-01-26
https://dienmayelc.com.vn/san-pham/tu-dong-alaska-372-lit-bcd-5568c/?add-to-cart=4172,2026-01-26
https://dienmayelc.com.vn/san-pham/tu-lanh-sharp-inverter-678-lit-sj-fx680v-wh/?add-to-cart=4172,2026-01-25
https://dienmayelc.com.vn/may-lanh-am-tran-hang-chinh-hang-dien-may-elc/feed/,2026-01-25
https://dienmayelc.com.vn/san-pham/dieu-hoa-daikin-loai-tu-dung-inverter-dieu-khien-khong-day/feed/,2026-01-25
https://dienmayelc.com.vn/danh-muc/he-thong-dieu-hoa-khong-khi/page/4/?add-to-cart=1500,2026-01-25
https://dienmayelc.com.vn/dien-may/dien-gia-dung/thiet-bi-nha-bep/feed/,2026-01-25
https://dienmayelc.com.vn/dien-may/page/2/?add-to-cart=5591,2026-01-25
https://dienmayelc.com.vn/san-pham/hop-phan-phoi-gio-chuyen-dung-dong-bo-24-vent-menred/feed/,2026-01-25
https://dienmayelc.com.vn/danh-muc/he-thong-dieu-hoa-khong-khi/page/3/?add-to-cart=3061,2026-01-25
https://dienmayelc.com.vn/san-pham/dieu-hoa-daikin-am-tran-dieu-khien-khong-day-8/?add-to-cart=3157,2026-01-25
https://dienmayelc.com.vn/san-pham/noi-chien-khong-dau-tefal-ey401d15/?add-to-cart=5521,2026-01-25
https://dienmayelc.com.vn/san-pham/tu-mat-alaska-450-lit-lc-450b/?add-to-cart=4257,2026-01-25
https://dienmayelc.com.vn/san-pham/may-hut-bui-xiaomi-robot-vacuum-s10-eu-bhr5988eu/?add-to-cart=4172,2026-01-25
https://dienmayelc.com.vn/san-pham/tu-lanh-panasonic-inverter-306-lit-nr-tv341vgmv/?add-to-cart=4383,2026-01-25
https://dienmayelc.com.vn/cua-hang/page/11/?add-to-cart=1523,2026-01-25
https://dienmayelc.com.vn/san-pham/dieu-hoa-2-chieu-inverter-mitsubishi-48-000-btu-3-pha/?add-to-cart=4069,2026-01-25
https://dienmayelc.com.vn/cach-thao-dan-lanh-may-lanh-an-toan-hieu-qua-tai-nha/feed/,2026-01-25
https://dienmayelc.com.vn/hang_sx/daikin/page/3/?add-to-cart=4069,2026-01-25
https://dienmayelc.com.vn/quy-trinh-thao-dieu-hoa-don-gian-tai-nha-ma-ai-cung-co-the-lam/feed/,2026-01-25
https://dienmayelc.com.vn/san-pham/dieu-hoa-daikin-loại-noi-ong-gio-tieu-chuan-inverter-dieu-khien-khong-day/?add-to-cart=3065,2026-01-25
https://dienmayelc.com.vn/dien-may/dien-gia-dung/?add-to-cart=4207,2026-01-25
https://dienmayelc.com.vn/danh-muc/he-thong-dieu-hoa-khong-khi/page/2/?add-to-cart=2390,2026-01-25
https://dienmayelc.com.vn/san-pham/dieu-hoa-daikin-loai-tu-dung-inverter-dieu-khien-khong-day-2/feed/,2026-01-25
https://dienmayelc.com.vn/san-pham/may-giat-sharp-11-kg-es-w110hv-s/?add-to-cart=4413,2026-01-25
https://dienmayelc.com.vn/danh-muc/he-thong-dieu-hoa-khong-khi/page/3/?add-to-cart=4085,2026-01-25
https://dienmayelc.com.vn/he-thong-dieu-hoa-khong-khi/?add-to-cart=3056,2026-01-25
https://dienmayelc.com.vn/san-pham/dieu-hoa-daikin-am-tran-dieu-khien-khong-day-4/?add-to-cart=2378,2026-01-25
https://dienmayelc.com.vn/dien-may/dien-gia-dung/?add-to-cart=5521,2026-01-25
https://dienmayelc.com.vn/san-pham/dieu-hoa-am-tran-2-chieu-inverter-1-pha/feed/,2026-01-25
https://dienmayelc.com.vn/san-pham/dieu-hoa-daikin-am-tran-dieu-khien-khong-day-7/?add-to-cart=3158,2026-01-25
https://dienmayelc.com.vn/tag/khai-niem-cong-nghe-nanoe-g/feed/,2026-01-25
https://dienmayelc.com.vn/san-pham/tu-lanh-sharp-inverter-180-lit-sj-x196e-sl/?add-to-cart=4419,2026-01-25
https://dienmayelc.com.vn/he-thong-dieu-hoa-khong-khi/page/3/?add-to-cart=3068,2026-01-25
https://dienmayelc.com.vn/ma-loi-may-lanh-toshiba/feed/,2026-01-25
https://dienmayelc.com.vn/tag/thi-cong-lap-dat-he-thong-cap-gio-tuoi-thu-hoi-nhiet-cho-nha-hang-lien-hoa-binh-chanh/feed/,2026-01-25
https://dienmayelc.com.vn/san-pham/may-lanh-am-tran-cu-daikin/?add-to-cart=2380,2026-01-25
https://dienmayelc.com.vn/danh-muc/he-thong-dieu-hoa-khong-khi/page/2/?add-to-cart=3160,2026-01-25
https://dienmayelc.com.vn/tag/dieu-hoa-tu-ngat/feed/,2026-01-25
https://dienmayelc.com.vn/tag/he-thong-dhkk-cho-mr-thai-hooc-mon/feed/,2026-01-25
https://dienmayelc.com.vn/san-pham/dieu-hoa-daikin-air-loai-tu-dung-inverter-dieu-khien-day/feed/,2026-01-25
https://dienmayelc.com.vn/san-pham/may-say-panasonic-8-kg-nh-e80ja1wvt/?add-to-cart=4623,2026-01-25
https://dienmayelc.com.vn/hang_sx/daikin/page/4/?add-to-cart=1594,2026-01-25
https://dienmayelc.com.vn/san-pham/may-say-bom-nhiet-samsung-inverter-9-kg-dv90t7240bb-sv/?add-to-cart=4124,2026-01-25
https://dienmayelc.com.vn/san-pham/smart-tivi-qled-samsung-4k-55-inch-55q70ta/?add-to-cart=4207,2026-01-25
https://dienmayelc.com.vn/san-pham/tu-mat-sanaky-200-lit-vh-258kl/?add-to-cart=4207,2026-01-25
https://dienmayelc.com.vn/may-lanh-tu-tat/feed/,2026-01-25
https://dienmayelc.com.vn/hepa-filter-bo-loc-nang-cao-chat-luong-khong-khi/feed/,2026-01-25
https://dienmayelc.com.vn/san-pham/dieu-hoa-daikin-am-tran-dieu-khien-khong-day-7/feed/,2026-01-25
https://dienmayelc.com.vn/san-pham/dieu-hoa-daikin-air-loai-tu-dung-inverter-dieu-khien-day/?add-to-cart=1498,2026-01-25
https://dienmayelc.com.vn/san-pham/dieu-hoa-daikin-air-loai-tu-dung-inverter-dieu-khien-day/?add-to-cart=3056,2026-01-25
https://dienmayelc.com.vn/dien-may/dien-gia-dung/thiet-bi-nha-bep/?add-to-cart=4190,2026-01-25
https://dienmayelc.com.vn/cach-hen-gio-may-lanh-toshiba/feed/,2026-01-25
https://dienmayelc.com.vn/san-pham/dieu-hoa-daikin-air-loai-tu-dung-inverter-dieu-khien-day/?add-to-cart=1500,2026-01-25
https://dienmayelc.com.vn/he-thong-dieu-hoa-khong-khi/page/3/?add-to-cart=3952,2026-01-25
https://dienmayelc.com.vn/san-pham/dieu-hoa-daikin-ap-tran-dieu-khien-day-fhfc60dv1-rzfc60dvm/?add-to-cart=2391,2026-01-25
https://dienmayelc.com.vn/san-pham/may-lanh-treo-tuong-daikin-tieu-chuan-inverter/?add-to-cart=1594,2026-01-25
https://dienmayelc.com.vn/san-pham/android-tivi-casper-4k-55-inch-55ug6300/?add-to-cart=4272,2026-01-25
https://dienmayelc.com.vn/san-pham/tu-dong-sanaky-175-lit-vh-225a2/feed/,2026-01-25
https://dienmayelc.com.vn/danh-muc/he-thong-dieu-hoa-khong-khi/page/3/?add-to-cart=3067,2026-01-25
https://dienmayelc.com.vn/san-pham/dieu-hoa-treo-tuong-daikin-tieu-chuan-inverter-1-chieu-ftky50wvmv-rky50wvmv/?add-to-cart=1588,2026-01-25
https://dienmayelc.com.vn/san-pham/noi-chien-khong-dau-tefal-ey701d15/?add-to-cart=4109,2026-01-25
https://dienmayelc.com.vn/san-pham/smart-tivi-qled-samsung-4k-55-inch-55q70ta/?add-to-cart=4137,2026-01-25
https://dienmayelc.com.vn/dien-may/dien-gia-dung/thiet-bi-nha-bep/?add-to-cart=4235,2026-01-25
https://dienmayelc.com.vn/danh-muc/he-thong-dieu-hoa-khong-khi/page/3/?add-to-cart=4069,2026-01-25
https://dienmayelc.com.vn/san-pham/noi-chien-khong-dau-philips-hd925290/?add-to-cart=4137,2026-01-25
https://dienmayelc.com.vn/cua-hang/page/11/?add-to-cart=1519,2026-01-25
https://dienmayelc.com.vn/dien-may/page/2/?add-to-cart=4702,2026-01-25
https://dienmayelc.com.vn/he-thong-loc-khong-khi-phong-xem-phim-gia-dinh/feed/,2026-01-25
https://dienmayelc.com.vn/san-pham/dieu-hoa-daikin-am-tran-dieu-khien-day-3/?add-to-cart=2380,2026-01-25
https://dienmayelc.com.vn/san-pham/noi-chien-khong-dau-tefal-ey401d15/?add-to-cart=4109,2026-01-25
https://dienmayelc.com.vn/danh-muc/he-thong-dieu-hoa-khong-khi/page/3/?add-to-cart=3954,2026-01-25
https://dienmayelc.com.vn/dien-may/dien-gia-dung/noi-chien-khong-dau/feed/,2026-01-25
https://dienmayelc.com.vn/san-pham/dieu-hoa-daikin-am-tran-dieu-khien-khong-day/?add-to-cart=3156,2026-01-25
https://dienmayelc.com.vn/san-pham/dieu-hoa-daikin-am-tran-dieu-khien-day-4/?add-to-cart=2383,2026-01-25
https://dienmayelc.com.vn/san-pham/tu-dong-sanaky-860-lit-vh-868hy2/?add-to-cart=4235,2026-01-25
https://dienmayelc.com.vn/danh-muc/he-thong-dieu-hoa-khong-khi/page/3/?add-to-cart=3953,2026-01-25
https://dienmayelc.com.vn/san-pham/may-say-thong-hoi-electrolux-8-5-kg-eds854j3wb/?add-to-cart=4413,2026-01-25
https://dienmayelc.com.vn/hang_sx/daikin/page/3/?add-to-cart=3952,2026-01-25
https://dienmayelc.com.vn/san-pham/tu-mat-alaska-450-lit-lc-450b/?add-to-cart=4396,2026-01-25
https://dienmayelc.com.vn/danh-muc/he-thong-dieu-hoa-khong-khi/page/2/?add-to-cart=3150,2026-01-25
https://dienmayelc.com.vn/danh-muc/he-thong-dieu-hoa-khong-khi/page/2/?add-to-cart=3193,2026-01-25
https://dienmayelc.com.vn/dien-may/dien-gia-dung/thiet-bi-nha-bep/?add-to-cart=4207,2026-01-25
https://dienmayelc.com.vn/he-thong-dieu-hoa-khong-khi/may-lanh-am-tran/page/2/?add-to-cart=3158,2026-01-25
https://dienmayelc.com.vn/san-pham/dieu-hoa-daikin-loại-ap-tran-tieu-chuan-inverter-dieu-khien-day/?add-to-cart=2388,2026-01-25
https://dienmayelc.com.vn/thiet-ke-he-thong-loc-cap-khi-tuoi-thu-hoi-nhiet-mrs-tham-tan-phu-tp-hcm/feed/,2026-01-25
https://dienmayelc.com.vn/tag/gia-may-lanh-am-tran/feed/,2026-01-25
https://dienmayelc.com.vn/may-loc-khong-khi-co-tac-dung-gi/feed/,2026-01-25
https://dienmayelc.com.vn/tag/gia-may-lanh-giau-tran/feed/,2026-01-25
https://dienmayelc.com.vn/he-thong-dieu-hoa-khong-khi/page/3/?add-to-cart=2389,2026-01-25
https://dienmayelc.com.vn/san-pham-cu-da-qua-su-dung/feed/,2026-01-25
https://dienmayelc.com.vn/san-pham/android-tivi-casper-4k-55-inch-55ug6300/?add-to-cart=4268,2026-01-25
https://dienmayelc.com.vn/san-pham/dieu-hoa-daikin-am-tran-dieu-khien-day/?add-to-cart=3155,2026-01-25
https://dienmayelc.com.vn/san-pham/tu-dong-sanaky-860-lit-vh-868hy2/?add-to-cart=4109,2026-01-25
https://dienmayelc.com.vn/san-pham/tu-dong-sanaky-860-lit-vh-868hy2/?add-to-cart=4452,2026-01-25
https://dienmayelc.com.vn/cua-hang/page/11/?add-to-cart=1500,2026-01-25
https://dienmayelc.com.vn/dien-may/page/2/?add-to-cart=6039,2026-01-25
https://dienmayelc.com.vn/tag/may-lanh-giau-tran/feed/,2026-01-24
https://dienmayelc.com.vn/san-pham/may-hut-bui-xiaomi-robot-vacuum-s10-eu-bhr5988eu/?add-to-cart=4207,2026-01-24
https://dienmayelc.com.vn/san-pham/tu-dong-alaska-500-lit-bcd-5068n/?add-to-cart=4396,2026-01-24
https://dienmayelc.com.vn/san-pham/tu-mat-alaska-550-lit-lc-933c/?add-to-cart=4124,2026-01-24
https://dienmayelc.com.vn/san-pham/tu-lanh-sharp-inverter-678-lit-sj-fx680v-wh/?add-to-cart=4109,2026-01-24
https://dienmayelc.com.vn/san-pham/dieu-hoa-daikin-loại-noi-ong-gio-tieu-chuan-inverter-dieu-khien-day/?add-to-cart=3067,2026-01-24
https://dienmayelc.com.vn/tag/daikin-viet-nam/feed/,2026-01-24
https://dienmayelc.com.vn/san-pham/dieu-hoa-daikin-am-tran-dieu-khien-day-8/?add-to-cart=2381,2026-01-24
https://dienmayelc.com.vn/bi-quyet-ve-sinh-dieu-hoa-daikin-tai-nha/feed/,2026-01-24
https://dienmayelc.com.vn/san-pham/dieu-hoa-daikin-loai-tu-dung-inverter-dieu-khien-khong-day/?add-to-cart=1500,2026-01-24
https://dienmayelc.com.vn/hang_sx/daikin/page/5/?add-to-cart=1519,2026-01-24
https://dienmayelc.com.vn/san-pham/robot-hut-bui-lau-nha-ozmo-deebot-t9-mau-trang-ban-quoc-te/?add-to-cart=4217,2026-01-24
https://dienmayelc.com.vn/he-thong-dieu-hoa-khong-khi/page/3/?add-to-cart=3951,2026-01-24
https://dienmayelc.com.vn/dien-may/dien-gia-dung/noi-chien-khong-dau/?add-to-cart=5621,2026-01-24
https://dienmayelc.com.vn/san-pham/may-cap-gio-tuoi-thu-hoi-nhiet-net-350-pro-menred/feed/,2026-01-24
https://dienmayelc.com.vn/he-thong-dieu-hoa-khong-khi/may-lanh-ap-tran/feed/,2026-01-24
https://dienmayelc.com.vn/dien-may/page/3/?add-to-cart=4977,2026-01-24
https://dienmayelc.com.vn/dien-may/page/3/?add-to-cart=4994,2026-01-24
https://dienmayelc.com.vn/hang_sx/daikin/page/4/?add-to-cart=1523,2026-01-24
https://dienmayelc.com.vn/tag/co-che-hoat-dong-cua-dieu-hoa/feed/,2026-01-24
https://dienmayelc.com.vn/san-pham/dieu-hoa-treo-tuong-daikin-tieu-chuan-inverter/?add-to-cart=3954,2026-01-24
https://dienmayelc.com.vn/he-thong-dieu-hoa-khong-khi/may-lanh-ap-tran/?add-to-cart=3193,2026-01-24
https://dienmayelc.com.vn/san-pham/android-tivi-casper-4k-55-inch-55ug6300/?add-to-cart=4936,2026-01-24
https://dienmayelc.com.vn/cua-hang/page/11/?add-to-cart=1524,2026-01-24
https://dienmayelc.com.vn/san-pham/may-lanh-panasonic/feed/,2026-01-24
https://dienmayelc.com.vn/san-pham/may-hut-bui-xiaomi-robot-vacuum-s10-eu-bhr5988eu/feed/,2026-01-24
https://dienmayelc.com.vn/san-pham/tu-mat-alaska-inverter-300-lit-lc-533hi/?add-to-cart=4153,2026-01-24
https://dienmayelc.com.vn/san-pham/robot-hut-bui-lau-nha-ozmo-deebot-t9-mau-trang-ban-quoc-te/?add-to-cart=6039,2026-01-24
https://dienmayelc.com.vn/dieu-hoa-inverter-la-gi/feed/,2026-01-24
https://dienmayelc.com.vn/he-thong-dieu-hoa-khong-khi/page/3/?add-to-cart=3067,2026-01-24
https://dienmayelc.com.vn/san-pham/dieu-hoa-treo-tuong-daikin-tieu-chuan-inverter/?add-to-cart=3952,2026-01-24
https://dienmayelc.com.vn/danh-muc/he-thong-dieu-hoa-khong-khi/page/4/?add-to-cart=1519,2026-01-24
https://dienmayelc.com.vn/san-pham/noi-chien-khong-dau-smart-plus-nagakawa-nag3303/?add-to-cart=4124,2026-01-24
https://dienmayelc.com.vn/hang_sx/daikin/page/3/?add-to-cart=3953,2026-01-24
https://dienmayelc.com.vn/tag/may-loc-khi/feed/,2026-01-24
https://dienmayelc.com.vn/may-lanh-tcl-co-tot-khong/feed/,2026-01-24
https://dienmayelc.com.vn/san-pham/tu-lanh-sharp-inverter-180-lit-sj-x196e-sl/?add-to-cart=4124,2026-01-24
https://dienmayelc.com.vn/san-pham/dieu-hoa-daikin-am-tran-dieu-khien-khong-day/?add-to-cart=2389,2026-01-24
https://dienmayelc.com.vn/danh-muc/he-thong-dieu-hoa-khong-khi/page/3/?add-to-cart=3198,2026-01-24
https://dienmayelc.com.vn/dien-may/page/3/?add-to-cart=4936,2026-01-24
https://dienmayelc.com.vn/san-pham/dieu-hoa-daikin-loại-ap-tran-tieu-chuan-inverter-dieu-khien-khong-day-2/feed/,2026-01-24
https://dienmayelc.com.vn/loi-loc-cartridge-nhung-thong-tin-ban-dang-tim/feed/,2026-01-24
https://dienmayelc.com.vn/tag/kdt-soll-villas-quan-2/feed/,2026-01-24
https://dienmayelc.com.vn/may-lanh-am-tran-noi-ong-gio/feed/,2026-01-24
https://dienmayelc.com.vn/tag/giai-phap-toi-uu-ve-chat-luong-khong-khi-cho-co-so-y-te/feed/,2026-01-24
https://dienmayelc.com.vn/san-pham/tu-dong-alaska-372-lit-bcd-5568c/?add-to-cart=4190,2026-01-24
https://dienmayelc.com.vn/san-pham/dieu-hoa-daikin-am-tran-dieu-khien-day-3/feed/,2026-01-24
https://dienmayelc.com.vn/tag/tu-van-thiet-ke-he-thong-dhkk-giau-tran-noi-ong-gio-he-thong-loc/feed/,2026-01-24
https://dienmayelc.com.vn/san-pham/tu-lanh-panasonic-inverter-306-lit-nr-tv341vgmv/?add-to-cart=4217,2026-01-24
https://dienmayelc.com.vn/huong-dan-cach-thao-quat-may-lanh-don-gian-tai-nha/feed/,2026-01-24
https://dienmayelc.com.vn/san-pham/may-lanh-am-tran-cu-daikin/?add-to-cart=2387,2026-01-24
https://dienmayelc.com.vn/san-pham/dieu-hoa-treo-tuong-daikin-tieu-chuan-inverter-1-chieu-ftky71wvmv-rky71wvmv/feed/,2026-01-24
https://dienmayelc.com.vn/san-pham/dieu-hoa-daikin-loại-ap-tran-tieu-chuan-inverter-dieu-khien-day/feed/,2026-01-24
https://dienmayelc.com.vn/san-pham/tu-mat-alaska-450-lit-lc-450b/?add-to-cart=4383,2026-01-24
https://dienmayelc.com.vn/san-pham/may-say-bom-nhiet-samsung-inverter-9-kg-dv90t7240bb-sv/?add-to-cart=4172,2026-01-24
https://dienmayelc.com.vn/tag/ban-giao-he-thong-dhkk-cho-mr-vu-an-duong-vuong-q5/feed/,2026-01-24
https://dienmayelc.com.vn/san-pham/may-giat-lg-inverter-10-5-kg-fv1450s3v/?add-to-cart=4172,2026-01-24
https://dienmayelc.com.vn/he-thong-lanh-cong-nghiep/feed/,2026-01-24
https://dienmayelc.com.vn/ma-loi-may-lanh-panasonic/feed/,2026-01-24
https://dienmayelc.com.vn/cach-thao-mat-na-may-lanh-cua-tung-hang/feed/,2026-01-23
https://dienmayelc.com.vn/san-pham/dieu-hoa-daikin-loại-ap-tran-tieu-chuan-inverter-dieu-khien-day-5/feed/,2026-01-23
https://dienmayelc.com.vn/san-pham/tu-dong-alaska-372-lit-bcd-5568c/?add-to-cart=4281,2026-01-23
https://dienmayelc.com.vn/san-pham/robot-hut-bui-lau-nha-ozmo-deebot-t9-mau-trang-ban-quoc-te/?add-to-cart=6063,2026-01-23
https://dienmayelc.com.vn/tag/ma-loi-may-lanh-aqua-inverter-f1/feed/,2026-01-23
https://dienmayelc.com.vn/tag/may-lanh-toshiba-chop-den-xanh-lien-tuc/feed/,2026-01-23
https://dienmayelc.com.vn/san-pham/dieu-hoa-treo-tuong-daikin-tieu-chuan-inverter-1-chieu-ftky35wavmv-rky35wavmv/?add-to-cart=3953,2026-01-23
https://dienmayelc.com.vn/san-pham/may-cap-gio-tuoi-thu-hoi-nang-luong-menred-iec5-350e/?add-to-cart=6384,2026-01-23
https://dienmayelc.com.vn/dien-may/dien-gia-dung/noi-com-dien/feed/,2026-01-23
https://dienmayelc.com.vn/danh-muc/he-thong-dieu-hoa-khong-khi/page/2/?add-to-cart=2377,2026-01-23
https://dienmayelc.com.vn/tag/tai-sao-phai-dung-cap-khi-tuoi-cho-gia-dinh/feed/,2026-01-23
https://dienmayelc.com.vn/tag/he-thong-lanh-cong-nghiep/feed/,2026-01-23
https://dienmayelc.com.vn/he-thong-dieu-hoa-khong-khi/san-pham-cu-da-qua-su-dung/?add-to-cart=4085,2026-01-23
https://dienmayelc.com.vn/san-pham/dieu-hoa-daikin-am-tran-dieu-khien-khong-day-6/?add-to-cart=3160,2026-01-23
https://dienmayelc.com.vn/san-pham/may-hut-bui-xiaomi-robot-vacuum-s10-eu-bhr5988eu/?add-to-cart=5591,2026-01-23
https://dienmayelc.com.vn/san-pham/noi-chien-khong-dau-smart-plus-nagakawa-nag3303/?add-to-cart=5533,2026-01-23
https://dienmayelc.com.vn/san-pham/tu-dong-sanaky-860-lit-vh-868hy2/?add-to-cart=4484,2026-01-23
https://dienmayelc.com.vn/san-pham/dieu-hoa-daikin-loại-ap-tran-tieu-chuan-inverter-dieu-khien-day-2/?add-to-cart=2380,2026-01-23
https://dienmayelc.com.vn/he-thong-dieu-hoa-khong-khi/page/3/?add-to-cart=3198,2026-01-23
https://dienmayelc.com.vn/he-thong-dieu-hoa-khong-khi/may-lanh-am-tran/?add-to-cart=2378,2026-01-23
https://dienmayelc.com.vn/test-trang-moi/?add-to-cart=3953,2026-01-23
https://dienmayelc.com.vn/kho-may-lanh-gia-goc-chat-luong-tai-hcm/feed/,2026-01-23
https://dienmayelc.com.vn/tag/loi-ich-trong-benh-vien-menred-giai-phap-dam-bao-chat-luong-khong-khi-cho-co-so-y-te/feed/,2026-01-23
https://dienmayelc.com.vn/he-thong-dieu-hoa-khong-khi/may-lanh-cu-cac-hang/?add-to-cart=3055,2026-01-23
https://dienmayelc.com.vn/san-pham/dieu-hoa-daikin-am-tran-dieu-khien-khong-day/?add-to-cart=3157,2026-01-23
https://dienmayelc.com.vn/he-thong-cap-khi-tuoi/may-cap-khi-tuoi/feed/,2026-01-23
https://dienmayelc.com.vn/tag/thiet-ke-he-thong-dieu-hoa-khong-khi-am-tran-cho-mr-dat/feed/,2026-01-23
https://dienmayelc.com.vn/san-pham/ong-cap-gio-tuoi-chuyen-dung-hpde-2-lop-khang-khuan-khang-nam-menred/feed/,2026-01-23
https://dienmayelc.com.vn/dien-may/dien-gia-dung/thiet-bi-nha-bep/?add-to-cart=5621,2026-01-23
https://dienmayelc.com.vn/san-pham/may-giat-samsung-inverter-9-kg-ww90t3040ww-sv/?add-to-cart=4502,2026-01-23
https://dienmayelc.com.vn/san-pham/tu-mat-sanaky-200-lit-vh-258kl/?add-to-cart=4109,2026-01-23
https://dienmayelc.com.vn/he-thong-may-lanh-trung-tam-vrv-iv-nha-hang/feed/,2026-01-23
https://dienmayelc.com.vn/san-pham/tu-dong-sanaky-175-lit-vh-225a2/?add-to-cart=4162,2026-01-23
https://dienmayelc.com.vn/he-thong-dieu-hoa-khong-khi/?add-to-cart=2388,2026-01-23
https://dienmayelc.com.vn/san-pham/dieu-hoa-daikin-am-tran-dieu-khien-day-3/?add-to-cart=3157,2026-01-23
https://dienmayelc.com.vn/san-pham/may-giat-samsung-inverter-9-kg-ww90t3040ww-sv/feed/,2026-01-23
https://dienmayelc.com.vn/tu-van-thiet-ke-he-thong-dhkk-giau-tran-noi-ong-gio-he-thong-loc-cap-khi-tuoi-hoi-nhiet-2-chieu-cho-villa-phan-thiet/feed/,2026-01-23
https://dienmayelc.com.vn/san-pham/tu-dong-alaska-bcd-4567n/?add-to-cart=4124,2026-01-23
https://dienmayelc.com.vn/san-pham/may-giat-samsung-inverter-9-kg-ww90t3040ww-sv/?add-to-cart=4217,2026-01-23
https://dienmayelc.com.vn/dien-may/page/3/?add-to-cart=4190,2026-01-23
https://dienmayelc.com.vn/san-pham/noi-chien-khong-dau-hafele-af-68a-3-2-lit/feed/,2026-01-23
https://dienmayelc.com.vn/danh-muc/he-thong-dieu-hoa-khong-khi/page/3/?add-to-cart=3064,2026-01-23
https://dienmayelc.com.vn/dien-may/dien-gia-dung/?add-to-cart=6084,2026-01-23
https://dienmayelc.com.vn/san-pham/dieu-hoa-treo-tuong-daikin-tieu-chuan-inverter/feed/,2026-01-23
https://dienmayelc.com.vn/tag/he-thong-loc-bui-tui-vai-la-gi/feed/,2026-01-23
https://dienmayelc.com.vn/dien-may/page/3/?add-to-cart=4281,2026-01-23
https://dienmayelc.com.vn/cua-hang/page/5/?add-to-cart=4484,2026-01-23
https://dienmayelc.com.vn/cua-hang/page/11/?add-to-cart=1498,2026-01-23
https://dienmayelc.com.vn/san-pham/dieu-hoa-treo-tuong-daikin-tieu-chuan-inverter-1-chieu-ftky25wavmv-rky25wavmv/feed/,2026-01-23
https://dienmayelc.com.vn/san-pham/android-tivi-tcl-4k-65-inch-65p715/feed/,2026-01-23
https://dienmayelc.com.vn/san-pham/may-lanh-cu-lg/feed/,2026-01-23
https://dienmayelc.com.vn/tag/vi-tri-dat-dieu-hoa-phong-khach/feed/,2026-01-23
https://dienmayelc.com.vn/hang_sx/daikin/feed/,2026-01-23
https://dienmayelc.com.vn/san-pham/tu-mat-sanaky-160-lit-vh-168kl/?add-to-cart=4452,2026-01-23
https://dienmayelc.com.vn/dien-may/dien-gia-dung/page/2/?add-to-cart=4109,2026-01-23
https://dienmayelc.com.vn/dien-may/page/2/?add-to-cart=6063,2026-01-23
https://dienmayelc.com.vn/san-pham/dieu-hoa-daikin-am-tran-dieu-khien-day-3/?add-to-cart=2392,2026-01-23
https://dienmayelc.com.vn/danh-muc/he-thong-dieu-hoa-khong-khi/page/2/?add-to-cart=3194,2026-01-23
https://dienmayelc.com.vn/he-thong-dieu-hoa-khong-khi/page/2/?add-to-cart=2392,2026-01-23
https://dienmayelc.com.vn/san-pham/tu-dong-alaska-372-lit-bcd-5568c/?add-to-cart=4250,2026-01-23
https://dienmayelc.com.vn/san-pham/tu-lanh-sharp-inverter-180-lit-sj-x196e-sl/?add-to-cart=6210,2026-01-23
https://dienmayelc.com.vn/he-thong-dieu-hoa-khong-khi/may-lanh-cu-cac-hang/?add-to-cart=1519,2026-01-23
https://dienmayelc.com.vn/san-pham/dieu-hoa-treo-tuong-daikin-tieu-chuan-inverter-1-chieu-ftky60wvmv-rky60wvmv/?add-to-cart=3915,2026-01-23
https://dienmayelc.com.vn/tag/may-cap-gio-sach-villa-bien-hoa-dong-nai/feed/,2026-01-23
https://dienmayelc.com.vn/san-pham/tu-lanh-sharp-inverter-180l-sj-x196e-dss/?add-to-cart=4396,2026-01-23
https://dienmayelc.com.vn/san-pham/dieu-hoa-daikin-am-tran-dieu-khien-khong-day-8/?add-to-cart=2373,2026-01-23
https://dienmayelc.com.vn/dien-may/dien-gia-dung/page/2/?add-to-cart=6210,2026-01-23
https://dienmayelc.com.vn/san-pham/tu-lanh-sharp-inverter-180l-sj-x196e-dss/?add-to-cart=4452,2026-01-23
https://dienmayelc.com.vn/dien-may/dien-gia-dung/thiet-bi-nha-bep/?add-to-cart=5591,2026-01-23
https://dienmayelc.com.vn/he-thong-dieu-hoa-khong-khi/may-lanh-am-tran/?add-to-cart=2380,2026-01-23
https://dienmayelc.com.vn/san-pham/dieu-hoa-daikin-ap-tran-dieu-khien-khong-day-2/?add-to-cart=3194,2026-01-23
https://dienmayelc.com.vn/thiet-ke-cung-cap-thi-cong-lap-dat/he-thong-loc-cap-khi-tuoi/feed/,2026-01-23
https://dienmayelc.com.vn/san-pham/smart-tivi-qled-samsung-4k-55-inch-55q70ta/?add-to-cart=4217,2026-01-23
https://dienmayelc.com.vn/tai-sao-may-lanh-khong-lanh/feed/,2026-01-23
https://dienmayelc.com.vn/san-pham/tu-lanh-sharp-inverter-678-lit-sj-fx680v-wh/?add-to-cart=4257,2026-01-23
https://dienmayelc.com.vn/tag/may-cap-gio-tuoi-sach-2-chieu-menred/feed/,2026-01-23
https://dienmayelc.com.vn/he-thong-dieu-hoa-khong-khi/page/3/?add-to-cart=3058,2026-01-23
https://dienmayelc.com.vn/he-thong-dieu-hoa-khong-khi/may-lanh-am-tran/?add-to-cart=3159,2026-01-23
https://dienmayelc.com.vn/san-pham/dieu-hoa-am-tran-daikin-24-000btu-inverter-1-chieu-fcfc71dvm-1-pha/feed/,2026-01-23
https://dienmayelc.com.vn/so-do-he-thong-lanh-1-cap/feed/,2026-01-23
https://dienmayelc.com.vn/tu-dong/?add-to-cart=4272,2026-01-23
https://dienmayelc.com.vn/nghiem-thu-ban-giao-he-thong-loc-cap-khi-tuoi-cho-can-ho-cao-cap-khu-lanmark81/feed/,2026-01-23
https://dienmayelc.com.vn/san-pham/dieu-hoa-daikin-am-tran-dieu-khien-khong-day-5/?add-to-cart=3158,2026-01-23
https://dienmayelc.com.vn/cung-cap-va-thi-cong-he-thong-loc-khong-khi/feed/,2026-01-23
https://dienmayelc.com.vn/san-pham/tu-lanh-hitachi-inverter-290-lit-r-h350pgv7bbk/?add-to-cart=4452,2026-01-23
https://dienmayelc.com.vn/san-pham/dieu-hoa-daikin-loai-ap-tran-tieu-chuan-inverter-dieu-khien-khong-day-fhfc60dv1-rzfc60dvm/?add-to-cart=2392,2026-01-23
https://dienmayelc.com.vn/tag/quy-trinh-thuc-hien-dop-test/feed/,2026-01-23
https://dienmayelc.com.vn/dien-may/dien-gia-dung/thiet-bi-nha-bep/?add-to-cart=5533,2026-01-23
https://dienmayelc.com.vn/may-lanh-bi-hu-cam-bien-nhiet-do/feed/,2026-01-23
https://dienmayelc.com.vn/san-pham/dieu-hoa-daikin-loại-ap-tran-tieu-chuan-inverter-dieu-khien-day/?add-to-cart=3198,2026-01-23
https://dienmayelc.com.vn/danh-muc/he-thong-dieu-hoa-khong-khi/page/2/?add-to-cart=2383,2026-01-23
https://dienmayelc.com.vn/cua-hang/page/11/?add-to-cart=1594,2026-01-23
https://dienmayelc.com.vn/dien-may/dien-gia-dung/thiet-bi-nha-bep/?add-to-cart=4172,2026-01-23
https://dienmayelc.com.vn/san-pham/may-say-bom-nhiet-samsung-inverter-9-kg-dv90m5200qw-sv/?add-to-cart=4634,2026-01-23
https://dienmayelc.com.vn/tag/he-thong-vrv/feed/,2026-01-23
https://dienmayelc.com.vn/he-thong-dieu-hoa-khong-khi/page/3/?add-to-cart=3065,2026-01-23
https://dienmayelc.com.vn/danh-muc/he-thong-dieu-hoa-khong-khi/page/3/?add-to-cart=3952,2026-01-23
https://dienmayelc.com.vn/san-pham/may-giat-lg-inverter-10-5-kg-fv1450s3v/?add-to-cart=4568,2026-01-23
https://dienmayelc.com.vn/cua-hang/page/4/?add-to-cart=3954,2026-01-23
https://dienmayelc.com.vn/san-pham/dieu-hoa-daikin-ap-tran-dieu-khien-khong-day-2/?add-to-cart=2388,2026-01-23
https://dienmayelc.com.vn/san-pham/smart-tivi-samsung-32-inch-ua32t4500/?add-to-cart=4396,2026-01-23
https://dienmayelc.com.vn/san-pham/noi-chien-khong-dau-tefal-ey701d15/?add-to-cart=5600,2026-01-23
https://dienmayelc.com.vn/san-pham/dieu-hoa-daikin-am-tran-dieu-khien-day-9/?add-to-cart=2381,2026-01-23
https://dienmayelc.com.vn/san-pham/tu-lanh-sharp-inverter-180l-sj-x196e-dss/?add-to-cart=4137,2026-01-23
https://dienmayelc.com.vn/khong-phan-loai/feed/,2026-01-23
https://dienmayelc.com.vn/san-pham/dieu-hoa-daikin-loại-ap-tran-tieu-chuan-inverter-dieu-khien-day-5/?add-to-cart=1498,2026-01-23
https://dienmayelc.com.vn/tag/nghiem-thu-cau-lac-bo-bida-go-vap/feed/,2026-01-23
https://dienmayelc.com.vn/san-pham/may-hut-bui-xiaomi-robot-vacuum-e10-eu-bhr6783eu/feed/,2026-01-23
https://dienmayelc.com.vn/tag/loi-may-lanh-toshiba/feed/,2026-01-23
https://dienmayelc.com.vn/san-pham/may-lanh-daikin-1-5hp-loai-thuong-thai-lan/feed/,2026-01-23
https://dienmayelc.com.vn/dien-may/dien-gia-dung/thiet-bi-nha-bep/?add-to-cart=5521,2026-01-23
https://dienmayelc.com.vn/san-pham/tu-mat-sanaky-160-lit-vh-168kl/?add-to-cart=4502,2026-01-23
https://dienmayelc.com.vn/hang_sx/daikin/?add-to-cart=3056,2026-01-23
https://dienmayelc.com.vn/san-pham/dieu-hoa-daikin-am-tran-dieu-khien-khong-day-5/?add-to-cart=3150,2026-01-23
https://dienmayelc.com.vn/san-pham/dieu-hoa-daikin-am-tran-dieu-khien-day-9/?add-to-cart=3156,2026-01-23
https://dienmayelc.com.vn/he-thong-dieu-hoa-khong-khi/?add-to-cart=2373,2026-01-23
https://dienmayelc.com.vn/san-pham/tu-lanh-sharp-inverter-678-lit-sj-fx680v-wh/?add-to-cart=4477,2026-01-23
https://dienmayelc.com.vn/dien-may/dien-gia-dung/thiet-bi-nha-bep/?add-to-cart=4162,2026-01-23
https://dienmayelc.com.vn/dien-may/dien-gia-dung/thiet-bi-nha-bep/?add-to-cart=4109,2026-01-23
https://dienmayelc.com.vn/dien-may/dien-gia-dung/thiet-bi-nha-bep/?add-to-cart=5600,2026-01-23
https://dienmayelc.com.vn/tag/cong-nghe-loi-loc-f8/feed/,2026-01-23
https://dienmayelc.com.vn/tag/tieu-chuan-cap-gio-tuoi-cho-van-phong/feed/,2026-01-23
https://dienmayelc.com.vn/dien-may/dien-gia-dung/thiet-bi-nha-bep/?add-to-cart=5615,2026-01-23
https://dienmayelc.com.vn/san-pham/tu-lanh-sharp-inverter-180l-sj-x196e-dss/?add-to-cart=4172,2026-01-23
https://dienmayelc.com.vn/hang_sx/daikin/page/4/?add-to-cart=1498,2026-01-23
https://dienmayelc.com.vn/san-pham/may-giat-say-lg-inverter-9-kg-fv1409g4v/feed/,2026-01-23
https://dienmayelc.com.vn/he-thong-dieu-hoa-khong-khi/page/3/?add-to-cart=3061,2026-01-23
https://dienmayelc.com.vn/san-pham/may-say-panasonic-7-kg-nh-e70ja1wvt/?add-to-cart=4396,2026-01-23
https://dienmayelc.com.vn/san-pham/dieu-hoa-daikin-am-tran-dieu-khien-khong-day-7/?add-to-cart=2373,2026-01-23
https://dienmayelc.com.vn/tag/may-lanh-bi-keu/feed/,2026-01-23
https://dienmayelc.com.vn/san-pham/smart-tivi-qled-samsung-4k-55-inch-55q70ta/?add-to-cart=4262,2026-01-23
https://dienmayelc.com.vn/tag/ung-dung-cua-air-filter/feed/,2026-01-23
https://dienmayelc.com.vn/tag/he-thong-dieu-hoa/feed/,2026-01-23
https://dienmayelc.com.vn/he-thong-dieu-hoa-khong-khi/may-lanh-am-tran/page/2/?add-to-cart=3160,2026-01-23
https://dienmayelc.com.vn/hang_sx/daikin/page/5/?add-to-cart=1524,2026-01-23
https://dienmayelc.com.vn/hang_sx/daikin/page/5/?add-to-cart=1500,2026-01-23
https://dienmayelc.com.vn/danh-muc/he-thong-dieu-hoa-khong-khi/page/3/?add-to-cart=4081,2026-01-23
https://dienmayelc.com.vn/danh-muc/he-thong-dieu-hoa-khong-khi/page/3/?add-to-cart=3065,2026-01-23
https://dienmayelc.com.vn/dien-may/dien-gia-dung/thiet-bi-nha-bep/?add-to-cart=4217,2026-01-23
https://dienmayelc.com.vn/dien-may/page/2/?add-to-cart=4711,2026-01-23
https://dienmayelc.com.vn/san-pham/dieu-hoa-am-tran-2-chieu-inverter-3-pha/feed/,2026-01-23
https://dienmayelc.com.vn/san-pham/noi-chien-khong-dau-tefal-ey401d15/?add-to-cart=6084,2026-01-23
https://dienmayelc.com.vn/dien-may/page/2/?add-to-cart=4651,2026-01-23
https://dienmayelc.com.vn/san-pham/tu-lanh-panasonic-inverter-306-lit-nr-tv341vgmv/feed/,2026-01-23
https://dienmayelc.com.vn/dien-may/dien-gia-dung/noi-chien-khong-dau/?add-to-cart=5615,2026-01-23
https://dienmayelc.com.vn/san-pham/may-say-bom-nhiet-samsung-inverter-9-kg-dv90m5200qw-sv/?add-to-cart=4137,2026-01-23
https://dienmayelc.com.vn/san-pham/may-say-bom-nhiet-samsung-inverter-9-kg-dv90m5200qw-sv/?add-to-cart=4281,2026-01-23
https://dienmayelc.com.vn/san-pham/may-say-bom-nhiet-samsung-inverter-9-kg-dv90m5200qw-sv/?add-to-cart=4172,2026-01-23
https://dienmayelc.com.vn/san-pham/dieu-hoa-daikin-loại-ap-tran-tieu-chuan-inverter-dieu-khien-khong-day-2/?add-to-cart=2386,2026-01-23
https://dienmayelc.com.vn/san-pham/android-tivi-tcl-4k-65-inch-65p715/?add-to-cart=4162,2026-01-23
https://dienmayelc.com.vn/san-pham/noi-chien-khong-dau-tefal-ey401d15/?add-to-cart=5615,2026-01-23
https://dienmayelc.com.vn/san-pham/may-say-thong-hoi-electrolux-8-5-kg-eds854j3wb/?add-to-cart=4250,2026-01-23
https://dienmayelc.com.vn/san-pham/dieu-hoa-daikin-am-tran-dieu-khien-khong-day/?add-to-cart=3150,2026-01-23
https://dienmayelc.com.vn/tag/he-thong-lam-lanh/feed/,2026-01-23
https://dienmayelc.com.vn/san-pham/dieu-hoa-daikin-am-tran-dieu-khien-khong-day-8/?add-to-cart=2381,2026-01-23
https://dienmayelc.com.vn/tag/dieu-hoa-ngon-dien/feed/,2026-01-23
https://dienmayelc.com.vn/san-pham/may-say-bom-nhiet-samsung-inverter-9-kg-dv90t7240bb-sv/?add-to-cart=4217,2026-01-23
https://dienmayelc.com.vn/tu-mat/?add-to-cart=4477,2026-01-23
https://dienmayelc.com.vn/san-pham/may-giat-say-lg-inverter-15-kg-f2515rtgw/?add-to-cart=4702,2026-01-23
https://dienmayelc.com.vn/san-pham/may-say-bom-nhiet-samsung-inverter-9-kg-dv90t7240bb-sv/?add-to-cart=4396,2026-01-23
https://dienmayelc.com.vn/san-pham/dieu-hoa-daikin-am-tran-dieu-khien-khong-day-7/?add-to-cart=3157,2026-01-23
https://dienmayelc.com.vn/san-pham/dieu-hoa-daikin-am-tran-dieu-khien-khong-day-7/?add-to-cart=3159,2026-01-23
https://dienmayelc.com.vn/san-pham/dieu-hoa-daikin-am-tran-dieu-khien-khong-day/?add-to-cart=2378,2026-01-23
https://dienmayelc.com.vn/san-pham/smart-tivi-qled-samsung-4k-55-inch-55q70ta/?add-to-cart=4383,2026-01-23
https://dienmayelc.com.vn/san-pham/tu-mat-sanaky-200-lit-vh-258kl/?add-to-cart=4460,2026-01-23
https://dienmayelc.com.vn/san-pham/noi-chien-khong-dau-tefal-ey701d15/?add-to-cart=4190,2026-01-23
https://dienmayelc.com.vn/thiet-ke-he-thong-dhkk-giau-tran-noi-ong-gio-he-thong-loc-cap-khi-tuoi-hoi-nhiet-2-chieu-nha-o-rieng-le-dinh-quan-dong-nai/feed/,2026-01-23
https://dienmayelc.com.vn/nghiem-thu-ban-giao-he-thong-dhkk-va-loc-cap-khi-tuoi-cho-mrs-tham-vuon-lai-tan-phu/feed/,2026-01-23
https://dienmayelc.com.vn/tag/thiet-ke-he-thong-dhkk-giau-tran-noi-ong-gio-he-thong-cap-khi-tuoi-hoi-nhiet-hai-chieu-villa/feed/,2026-01-23
https://dienmayelc.com.vn/san-pham/tu-lanh-panasonic-inverter-306-lit-nr-tv341vgmv/?add-to-cart=4452,2026-01-23
https://dienmayelc.com.vn/dien-may/page/2/?add-to-cart=5621,2026-01-23
https://dienmayelc.com.vn/san-pham/tu-mat-alaska-425-lit-lc-833c/?add-to-cart=4502,2026-01-23
https://dienmayelc.com.vn/san-pham/noi-chien-khong-dau-rapido-raf6-5m2/?add-to-cart=4153,2026-01-23
https://dienmayelc.com.vn/he-thong-dieu-hoa-khong-khi/may-lanh-ap-tran/?add-to-cart=2389,2026-01-23
https://dienmayelc.com.vn/tag/cap-khi-tuoi-hoi-nhiet-2-chieu-nha-o-rieng-le/feed/,2026-01-23
https://dienmayelc.com.vn/tag/cac-van-de-thuong-gap-khi-thuc-hien-leak-test/feed/,2026-01-23
https://dienmayelc.com.vn/san-pham/tu-dong-alaska-bcd-4567n/?add-to-cart=4190,2026-01-23
https://dienmayelc.com.vn/san-pham/noi-chien-khong-dau-tefal-ey401d15/feed/,2026-01-23
https://dienmayelc.com.vn/san-pham/dieu-hoa-daikin-am-tran-dieu-khien-day/?add-to-cart=3161,2026-01-23
https://dienmayelc.com.vn/san-pham/tu-mat-sanaky-160-lit-vh-168kl/?add-to-cart=4190,2026-01-23
https://dienmayelc.com.vn/san-pham/tu-mat-sanaky-200-lit-vh-258kl/?add-to-cart=4264,2026-01-23
https://dienmayelc.com.vn/clb-billiards-loca/feed/,2026-01-23
https://dienmayelc.com.vn/san-pham/may-say-thong-hoi-electrolux-8-5-kg-eds854j3wb/?add-to-cart=4272,2026-01-23
https://dienmayelc.com.vn/san-pham/may-lanh-am-tran-cu-akibi-5hp/feed/,2026-01-23
https://dienmayelc.com.vn/san-pham/dieu-hoa-daikin-am-tran-dieu-khien-day/?add-to-cart=2382,2026-01-23
https://dienmayelc.com.vn/san-pham/noi-chien-khong-dau-tefal-ey401d15/?add-to-cart=6063,2026-01-23
https://dienmayelc.com.vn/san-pham/dieu-hoa-daikin-am-tran-dieu-khien-khong-day/?add-to-cart=3158,2026-01-23
https://dienmayelc.com.vn/danh-muc/he-thong-dieu-hoa-khong-khi/page/4/?add-to-cart=1498,2026-01-23
https://dienmayelc.com.vn/giai-phap-hieu-qua-cho-van-de-o-nhiem-khong-khi-tai-ha-noi-may-cap-khi-tuoi-thu-hoi-nhiet-2-chieu-menred/feed/,2026-01-23
https://dienmayelc.com.vn/san-pham/dieu-hoa-treo-tuong-daikin-tieu-chuan-inverter-1-chieu-ftky35wavmv-rky35wavmv/?add-to-cart=1588,2026-01-23
https://dienmayelc.com.vn/dop-test-la-gi-va-nhung-thong-tin-ban-can-biet/feed/,2026-01-23
https://dienmayelc.com.vn/san-pham/may-giat-lg-inverter-10-5-kg-fv1450s3v/?add-to-cart=4523,2026-01-23
https://dienmayelc.com.vn/san-pham/noi-chien-khong-dau-philips-hd925290/?add-to-cart=4109,2026-01-23
https://dienmayelc.com.vn/he-thong-dieu-hoa-khong-khi/page/3/?add-to-cart=3954,2026-01-23
https://dienmayelc.com.vn/tag/dieu-hoa-panasonic-nhay-den-timer/feed/,2026-01-23
https://dienmayelc.com.vn/san-pham/tu-lanh-hitachi-inverter-366-lit-r-fvx480pgv9mir/feed/,2026-01-23
https://dienmayelc.com.vn/dien-may/page/2/?add-to-cart=5533,2026-01-23
https://dienmayelc.com.vn/san-pham/dieu-hoa-daikin-am-tran-dieu-khien-day/?add-to-cart=2383,2026-01-23
https://dienmayelc.com.vn/san-pham/dieu-hoa-daikin-am-tran-dieu-khien-khong-day-7/?add-to-cart=3147,2026-01-23
https://dienmayelc.com.vn/san-pham/robot-hut-bui-lau-nha-ozmo-deebot-t9-mau-trang-ban-quoc-te/?add-to-cart=4207,2026-01-23
https://dienmayelc.com.vn/san-pham/tu-cham-soc-quan-ao-thong-minh-samsung-df60r8600cg-sv/?add-to-cart=4124,2026-01-23
https://dienmayelc.com.vn/san-pham/may-lanh-am-tran-cu-daikin-2/feed/,2026-01-23
https://dienmayelc.com.vn/san-pham/tu-dong-sanaky-860-lit-vh-868hy2/?add-to-cart=4281,2026-01-23
https://dienmayelc.com.vn/cuc-nong-may-lanh-chay-nuoc/feed/,2026-01-23
https://dienmayelc.com.vn/san-pham/tu-dong-sanaky-860-lit-vh-868hy2/?add-to-cart=4419,2026-01-23
https://dienmayelc.com.vn/cong-ty-tnhh-che-bien-hai-san-trong-duc/feed/,2026-01-23
https://dienmayelc.com.vn/nghiem-thu-ban-giao-he-thong-dhkk-va-loc-cap-khi-tuoi-cho-mr-dat-bien-hoa-dong-nai/feed/,2026-01-23
https://dienmayelc.com.vn/cach-tinh-cong-suat-dieu-hoa/feed/,2026-01-23
https://dienmayelc.com.vn/tag/thi-cong-lap-dat-he-thong-dhkk-quan-2/feed/,2026-01-23
https://dienmayelc.com.vn/san-pham/dieu-hoa-daikin-am-tran-dieu-khien-day-9/?add-to-cart=3159,2026-01-23
https://dienmayelc.com.vn/he-thong-thong-gio-nha-xuong/feed/,2026-01-23
https://dienmayelc.com.vn/hang_sx/daikin/page/4/?add-to-cart=5453,2026-01-23
https://dienmayelc.com.vn/thiet-ke-cung-cap-thi-cong-lap-dat/cap-khi-tuoi/feed/,2026-01-23
https://dienmayelc.com.vn/tag/ban-giao-he-thong-dhkk-va-loc-khong-khi-cho-mrs-tham-vuon-lai-tan-phu/feed/,2026-01-23
https://dienmayelc.com.vn/cua-hang/page/5/?add-to-cart=4509,2026-01-23
https://dienmayelc.com.vn/cua-hang/page/5/?add-to-cart=4568,2026-01-23
https://dienmayelc.com.vn/san-pham/smart-tivi-qled-samsung-4k-55-inch-55q70ta/?add-to-cart=5119,2026-01-23
https://dienmayelc.com.vn/dien-may/page/2/?add-to-cart=4685,2026-01-23
https://dienmayelc.com.vn/ma-loi-may-lanh-lg/feed/,2026-01-23
https://dienmayelc.com.vn/tag/cac-loai-cam-bien-thong-dung/feed/,2026-01-23
https://dienmayelc.com.vn/san-pham/dieu-hoa-daikin-am-tran-dieu-khien-day-4/?add-to-cart=2373,2026-01-23
https://dienmayelc.com.vn/cua-hang/page/5/?add-to-cart=4623,2026-01-23
https://dienmayelc.com.vn/cua-hang/page/5/?add-to-cart=4497,2026-01-23
https://dienmayelc.com.vn/cua-hang/page/5/?add-to-cart=4603,2026-01-23
https://dienmayelc.com.vn/cua-hang/page/5/?add-to-cart=4549,2026-01-23
https://dienmayelc.com.vn/cua-hang/page/5/?add-to-cart=6039,2026-01-23
https://dienmayelc.com.vn/cua-hang/page/5/?add-to-cart=6063,2026-01-23
https://dienmayelc.com.vn/tag/cach-hen-gio-dieu-hoa-toshiba/feed/,2026-01-23
https://dienmayelc.com.vn/tag/he-thong-cap-gio-tuoi-menred-giai-phap-cho-van-de-o-nhiem-moi-truong/feed/,2026-01-23
https://dienmayelc.com.vn/san-pham/tu-dong-alaska-372-lit-bcd-5568c/?add-to-cart=4268,2026-01-23
https://dienmayelc.com.vn/san-pham/noi-chien-khong-dau-tefal-ey701d15/?add-to-cart=4172,2026-01-23
https://dienmayelc.com.vn/san-pham/tu-mat-sanaky-200-lit-vh-258kl/?add-to-cart=4250,2026-01-23
https://dienmayelc.com.vn/san-pham/dieu-hoa-daikin-loại-ap-tran-tieu-chuan-inverter-dieu-khien-day-2/?add-to-cart=2392,2026-01-23
https://dienmayelc.com.vn/cua-hang/page/5/?add-to-cart=4502,2026-01-23
https://dienmayelc.com.vn/san-pham/dieu-hoa-daikin-am-tran-dieu-khien-day-3/?add-to-cart=2389,2026-01-23
https://dienmayelc.com.vn/san-pham/android-tivi-casper-4k-55-inch-55ug6300/?add-to-cart=4153,2026-01-23
https://dienmayelc.com.vn/san-pham/dieu-hoa-daikin-am-tran-dieu-khien-day/?add-to-cart=3150,2026-01-23
https://dienmayelc.com.vn/thi-cong-lap-dat-he-thong-dieu-hoa-khong-khi-dak-mil-dak-nong/feed/,2026-01-23
https://dienmayelc.com.vn/san-pham/may-cap-gio-tuoi-thu-hoi-nhiet-luu-luong-gio-250m3-h-menred/feed/,2026-01-23
https://dienmayelc.com.vn/cua-hang/page/5/?add-to-cart=4523,2026-01-23
https://dienmayelc.com.vn/cua-hang/page/5/?add-to-cart=4536,2026-01-23
https://dienmayelc.com.vn/san-pham/tu-lanh-panasonic-inverter-306-lit-nr-tv341vgmv/?add-to-cart=4442,2026-01-23
https://dienmayelc.com.vn/san-pham/tu-lanh-sharp-inverter-678-lit-sj-fx680v-wh/?add-to-cart=4137,2026-01-23
https://dienmayelc.com.vn/san-pham/may-giat-lg-inverter-9-kg-fv1409s4w/?add-to-cart=4250,2026-01-23
https://dienmayelc.com.vn/he-thong-dieu-hoa-khong-khi/may-lanh-giau-tran-noi-ong-gio/?add-to-cart=3061,2026-01-23
https://dienmayelc.com.vn/tag/loi-p3-dieu-hoa-casper/feed/,2026-01-23
https://dienmayelc.com.vn/san-pham/dieu-hoa-daikin-am-tran-dieu-khien-day-6/?add-to-cart=3156,2026-01-23
https://dienmayelc.com.vn/san-pham/may-hut-bui-xiaomi-robot-vacuum-s10-eu-bhr5988eu/?add-to-cart=4217,2026-01-23
https://dienmayelc.com.vn/san-pham/tu-lanh-sharp-inverter-678-lit-sj-fx680v-wh/?add-to-cart=4396,2026-01-23
https://dienmayelc.com.vn/san-pham/tu-mat-sanaky-200-lit-vh-258kl/?add-to-cart=4153,2026-01-23
https://dienmayelc.com.vn/san-pham/tu-mat-sanaky-160-lit-vh-168kl/?add-to-cart=4172,2026-01-23
https://dienmayelc.com.vn/ma-loi-may-lanh-daikin/feed/,2026-01-23
https://dienmayelc.com.vn/san-pham/may-giat-say-lg-inverter-15-kg-f2515rtgw/?add-to-cart=4124,2026-01-23
https://dienmayelc.com.vn/he-thong-dieu-hoa-khong-khi/may-lanh-am-tran/?add-to-cart=2375,2026-01-23
https://dienmayelc.com.vn/san-pham/tu-lanh-panasonic-inverter-306-lit-nr-tv341vgmv/?add-to-cart=4272,2026-01-23
https://dienmayelc.com.vn/san-pham/may-giat-lg-inverter-9-kg-fv1409s4w/?add-to-cart=4262,2026-01-23
https://dienmayelc.com.vn/san-pham/dieu-hoa-treo-tuong-daikin-tieu-chuan-inverter-1-chieu-2/?add-to-cart=3952,2026-01-23
https://dienmayelc.com.vn/lap-dat-he-thong-cap-khi-tuoi-chuan-hepa-cho-nha-may/feed/,2026-01-23
https://dienmayelc.com.vn/san-pham/dieu-hoa-am-tran-daikin-1-chieu-18-000btu-fcnq18mv1-rnq18mv19/feed/,2026-01-23
https://dienmayelc.com.vn/san-pham/noi-chien-khong-dau-smart-plus-nagakawa-nag3303/?add-to-cart=5621,2026-01-23
https://dienmayelc.com.vn/san-pham/noi-chien-khong-dau-tefal-ey401d15/?add-to-cart=6210,2026-01-23
https://dienmayelc.com.vn/san-pham/may-giat-say-lg-inverter-15-kg-f2515rtgw/?add-to-cart=4383,2026-01-22
https://dienmayelc.com.vn/san-pham/noi-chien-khong-dau-tefal-ey401d15/?add-to-cart=6039,2026-01-22
https://dienmayelc.com.vn/dien-may/page/2/?add-to-cart=6084,2026-01-22
https://dienmayelc.com.vn/san-pham/dieu-hoa-daikin-am-tran-dieu-khien-khong-day-5/feed/,2026-01-22
https://dienmayelc.com.vn/san-pham/dieu-hoa-daikin-loại-ap-tran-tieu-chuan-inverter-dieu-khien-khong-day/?add-to-cart=2378,2026-01-22
https://dienmayelc.com.vn/nhiet-do-may-lanh-bao-nhieu-la-lanh-nhat/feed/,2026-01-22
https://dienmayelc.com.vn/san-pham/may-lanh-am-tran-cu-daikin/?add-to-cart=2381,2026-01-22
https://dienmayelc.com.vn/san-pham/noi-chien-khong-dau-tefal-ey701d15/?add-to-cart=5615,2026-01-22
https://dienmayelc.com.vn/cach-hen-gio-dieu-hoa-lg/feed/,2026-01-22
https://dienmayelc.com.vn/san-pham/smart-tivi-qled-samsung-4k-55-inch-55q70ta/?add-to-cart=4268,2026-01-22
https://dienmayelc.com.vn/he-thong-dieu-hoa-khong-khi/may-lanh-treo-tuong/feed/,2026-01-22
https://dienmayelc.com.vn/he-thong-dieu-hoa-khong-khi/may-lanh-cu-cac-hang/feed/,2026-01-22
https://dienmayelc.com.vn/hang_sx/daikin/?add-to-cart=3154,2026-01-20
https://dienmayelc.com.vn/tu-van/feed/,2026-01-20
https://dienmayelc.com.vn/hang_sx/daikin/?add-to-cart=2388,2026-01-20
https://dienmayelc.com.vn/tag/he-thong-dieu-hoa-khong-khi-cho-tham-my-vien-aura-tra-vinh/feed/,2026-01-19
https://dienmayelc.com.vn/tag/thiet-ke-may-cap-gio-tuoi-sach-o-the-river-thu-thiem/feed/,2026-01-19
https://dienmayelc.com.vn/san-pham/may-say-bom-nhiet-samsung-inverter-9-kg-dv90t7240bb-sv/?add-to-cart=4694,2026-01-19
https://dienmayelc.com.vn/he-thong-dieu-hoa-khong-khi/may-lanh-ap-tran/?add-to-cart=3196,2026-01-19
https://dienmayelc.com.vn/hang_sx/daikin/?add-to-cart=2375,2026-01-19
https://dienmayelc.com.vn/he-thong-dieu-hoa-khong-khi/page/4/?add-to-cart=4081,2026-01-19
https://dienmayelc.com.vn/he-thong-dieu-hoa-khong-khi/page/4/?add-to-cart=4085,2026-01-19
https://dienmayelc.com.vn/he-thong-dieu-hoa-khong-khi/page/4/?add-to-cart=4098,2026-01-19
https://dienmayelc.com.vn/cach-hen-gio-dieu-hoa-daikin/feed/,2026-01-11
https://dienmayelc.com.vn/may-giat/?add-to-cart=4497,2026-01-05
https://dienmayelc.com.vn/dien-may/page/2/?add-to-cart=6076,2026-01-03
https://dienmayelc.com.vn/san-pham/tu-dong-sanaky-860-lit-vh-868hy2/?add-to-cart=4413,2026-01-03
https://dienmayelc.com.vn/san-pham/dieu-hoa-daikin-am-tran-dieu-khien-khong-day-6/?add-to-cart=3156,2026-01-03
https://dienmayelc.com.vn/he-thong-dieu-hoa-khong-khi/may-lanh-cu-cac-hang/?add-to-cart=3041,2026-01-03
https://dienmayelc.com.vn/danh-muc/he-thong-dieu-hoa-khong-khi/page/4/?add-to-cart=1523,2026-01-02
https://dienmayelc.com.vn/dien-may/page/2/?add-to-cart=5521,2026-01-01
https://dienmayelc.com.vn/san-pham/dieu-hoa-daikin-am-tran-dieu-khien-day-3/?add-to-cart=2377,2026-01-01
https://dienmayelc.com.vn/cach-bom-ga-may-lanh/feed/,2026-01-01
https://dienmayelc.com.vn/tag/tai-sao-can-phai-thuc-hien-dop-test/feed/,2026-01-01
https://dienmayelc.com.vn/dien-may/page/2/?add-to-cart=5615,2026-01-01
https://dienmayelc.com.vn/tag/lap-dat-he-thong-loc-khong-khi-tai-305-dien-bien-phu/feed/,2026-01-01
https://dienmayelc.com.vn/san-pham/may-giat-lg-inverter-10-5-kg-fv1450s3v/feed/,2025-12-31
https://dienmayelc.com.vn/san-pham/dieu-hoa-daikin-loại-ap-tran-tieu-chuan-inverter-dieu-khien-khong-day-2/?add-to-cart=3198,2025-12-31
https://dienmayelc.com.vn/san-pham/dieu-hoa-treo-tuong-daikin-tieu-chuan-inverter-1-chieu/?add-to-cart=1596,2025-12-31
https://dienmayelc.com.vn/san-pham/dieu-hoa-daikin-am-tran-dieu-khien-khong-day-4/?add-to-cart=2383,2025-12-31
https://dienmayelc.com.vn/san-pham/may-lanh-am-tran-cu-daikin/?add-to-cart=2382,2025-12-31
https://dienmayelc.com.vn/san-pham/dieu-hoa-daikin-am-tran-dieu-khien-day-3/?add-to-cart=2378,2025-12-31
https://dienmayelc.com.vn/san-pham/tu-lanh-sharp-inverter-180l-sj-x196e-dss/?add-to-cart=4281,2025-12-31
https://dienmayelc.com.vn/san-pham/dieu-hoa-treo-tuong-daikin-tieu-chuan-inverter-1-chieu-ftky71wvmv-rky71wvmv/?add-to-cart=1596,2025-12-31
https://dienmayelc.com.vn/san-pham/smart-tivi-qled-samsung-4k-55-inch-55q70ta/?add-to-cart=4235,2025-12-31
https://dienmayelc.com.vn/san-pham/dieu-hoa-treo-tuong-daikin-tieu-chuan-inverter-1-chieu/?add-to-cart=3952,2025-12-31
https://dienmayelc.com.vn/san-pham/tu-lanh-sharp-inverter-180l-sj-x196e-dss/?add-to-cart=4383,2025-12-31
https://dienmayelc.com.vn/san-pham/dieu-hoa-treo-tuong-daikin-tieu-chuan-inverter-1-chieu/?add-to-cart=1588,2025-12-31
https://dienmayelc.com.vn/tim-hieu-he-thong-cap-khi-tuoi-gia-dinh/feed/,2025-12-31
https://dienmayelc.com.vn/san-pham/smart-tivi-qled-samsung-4k-55-inch-55q70ta/?add-to-cart=4257,2025-12-31
https://dienmayelc.com.vn/dien-may/?add-to-cart=4509,2025-12-31
https://dienmayelc.com.vn/san-pham/android-tivi-tcl-4k-65-inch-65p715/?add-to-cart=4396,2025-12-31
https://dienmayelc.com.vn/san-pham/tu-lanh-sharp-inverter-180l-sj-x196e-dss/?add-to-cart=4272,2025-12-30
https://dienmayelc.com.vn/san-pham/dieu-hoa-treo-tuong-daikin-tieu-chuan-inverter-1-chieu-ftky50wvmv-rky50wvmv/?add-to-cart=3951,2025-12-30
https://dienmayelc.com.vn/tieu-chuan-cap-gio-tuoi-cho-van-phong-ban-can-biet/feed/,2025-12-30
https://dienmayelc.com.vn/san-pham/tu-lanh-sharp-inverter-180l-sj-x196e-dss/?add-to-cart=4190,2025-12-30
https://dienmayelc.com.vn/san-pham/dieu-hoa-treo-tuong-daikin-tieu-chuan-inverter-1-chieu-ftky50wvmv-rky50wvmv/?add-to-cart=3953,2025-12-30
https://dienmayelc.com.vn/san-pham/dieu-hoa-daikin-am-tran-dieu-khien-day-3/?add-to-cart=3154,2025-12-30
https://dienmayelc.com.vn/san-pham/robot-hut-bui-lau-nha-ozmo-deebot-t9-mau-trang-ban-quoc-te/?add-to-cart=5621,2025-12-30
https://dienmayelc.com.vn/may-lanh-panasonic-chop-den-timer/feed/,2025-12-30
https://dienmayelc.com.vn/tai-sao-vi-tri-dat-dieu-hoa-phong-khach-lai-quan-trong-den-vay/feed/,2025-12-30
https://dienmayelc.com.vn/san-pham/noi-chien-khong-dau-hafele-af-68a-3-2-lit/?add-to-cart=4162,2025-12-30
https://dienmayelc.com.vn/san-pham/dieu-hoa-daikin-ap-tran-dieu-khien-khong-day-2/?add-to-cart=2384,2025-12-30
https://dienmayelc.com.vn/san-pham/dieu-hoa-daikin-am-tran-dieu-khien-day-7/?add-to-cart=3161,2025-12-30
https://dienmayelc.com.vn/san-pham/dieu-hoa-daikin-ap-tran-dieu-khien-khong-day-2/?add-to-cart=2389,2025-12-30
https://dienmayelc.com.vn/san-pham/dieu-hoa-daikin-am-tran-dieu-khien-day-3/?add-to-cart=3158,2025-12-30
https://dienmayelc.com.vn/san-pham/dieu-hoa-daikin-loai-tu-dung-inverter-dieu-khien-khong-day/?add-to-cart=1498,2025-12-30
https://dienmayelc.com.vn/san-pham/tu-mat-alaska-inverter-300-lit-lc-533hi/?add-to-cart=4383,2025-12-30
https://dienmayelc.com.vn/san-pham/tu-mat-alaska-inverter-300-lit-lc-533hi/?add-to-cart=4262,2025-12-30
https://dienmayelc.com.vn/san-pham/dieu-hoa-daikin-am-tran-dieu-khien-day-6/?add-to-cart=3158,2025-12-30
https://dienmayelc.com.vn/san-pham/dieu-hoa-daikin-am-tran-dieu-khien-khong-day-8/feed/,2025-12-30
https://dienmayelc.com.vn/san-pham/dieu-hoa-daikin-loại-ap-tran-tieu-chuan-inverter-dieu-khien-khong-day-2/?add-to-cart=2383,2025-12-30
https://dienmayelc.com.vn/san-pham/dieu-hoa-daikin-loại-ap-tran-tieu-chuan-inverter-dieu-khien-khong-day-2/?add-to-cart=3193,2025-12-30
https://dienmayelc.com.vn/san-pham/dieu-hoa-daikin-am-tran-dieu-khien-day-7/feed/,2025-12-30
https://dienmayelc.com.vn/san-pham/dieu-hoa-daikin-ap-tran-dieu-khien-day-fhfc85dv1-rzfc85dvm-brc2e61/feed/,2025-12-30
https://dienmayelc.com.vn/san-pham/dieu-hoa-daikin-loại-ap-tran-tieu-chuan-inverter-dieu-khien-khong-day-2/?add-to-cart=2373,2025-12-30
https://dienmayelc.com.vn/san-pham/dieu-hoa-daikin-am-tran-dieu-khien-day-7/?add-to-cart=3150,2025-12-30
https://dienmayelc.com.vn/comments/feed/,2025-12-30
https://dienmayelc.com.vn/danh-muc/he-thong-dieu-hoa-khong-khi/page/2/?add-to-cart=3155,2025-12-30
https://dienmayelc.com.vn/san-pham/dieu-hoa-daikin-am-tran-dieu-khien-khong-day-5/?add-to-cart=3160,2025-12-30
https://dienmayelc.com.vn/san-pham/tu-dong-alaska-550-lit-hb-550n/?add-to-cart=4264,2025-12-30
https://dienmayelc.com.vn/san-pham/dieu-hoa-daikin-ap-tran-dieu-khien-day-fhfc85dv1-rzfc85dvm-brc2e61/?add-to-cart=2384,2025-12-30
https://dienmayelc.com.vn/san-pham/dieu-hoa-daikin-am-tran-dieu-khien-khong-day-5/?add-to-cart=2377,2025-12-30
https://dienmayelc.com.vn/tag/diem-noi-bat-cua-he-thong-cap-gio-tuoi-sach-menred/feed/,2025-12-29
https://dienmayelc.com.vn/tag/uu-diem-cua-he-thong-cap-gio-tuoi-sach-menred/feed/,2025-12-29
https://dienmayelc.com.vn/uu-diem-cua-he-thong-cap-gio-tuoi-sach-menred-lua-chon-toi-uu-cho-cong-trinh-cua-ban/feed/,2025-12-29
https://dienmayelc.com.vn/san-pham/tu-dong-alaska-471-lit-bcd-6567n/?add-to-cart=4137,2025-12-29
https://dienmayelc.com.vn/he-thong-dieu-hoa-khong-khi/may-lanh-am-tran/?add-to-cart=3150,2025-12-29
https://dienmayelc.com.vn/san-pham/dieu-hoa-daikin-am-tran-dieu-khien-khong-day/?add-to-cart=2383,2025-12-29
https://dienmayelc.com.vn/177-truong-van-bang-lap-dat-he-thong-dieu-hoa/feed/,2025-12-29
https://dienmayelc.com.vn/san-pham/dieu-hoa-daikin-loại-ap-tran-tieu-chuan-inverter-dieu-khien-khong-day/?add-to-cart=2391,2025-12-29
https://dienmayelc.com.vn/he-thong-dieu-hoa-khong-khi/page/3/?add-to-cart=3915,2025-12-29
https://dienmayelc.com.vn/san-pham/dieu-hoa-daikin-loại-ap-tran-tieu-chuan-inverter-dieu-khien-khong-day/?add-to-cart=2388,2025-12-29
https://dienmayelc.com.vn/san-pham/may-hut-bui-xiaomi-robot-vacuum-e10-eu-bhr6783eu/?add-to-cart=4172,2025-12-29
https://dienmayelc.com.vn/san-pham/may-hut-bui-xiaomi-robot-vacuum-e10-eu-bhr6783eu/?add-to-cart=6076,2025-12-29
https://dienmayelc.com.vn/san-pham/may-hut-bui-xiaomi-robot-vacuum-e10-eu-bhr6783eu/?add-to-cart=4207,2025-12-29
https://dienmayelc.com.vn/san-pham/may-hut-bui-xiaomi-robot-vacuum-e10-eu-bhr6783eu/?add-to-cart=5533,2025-12-29
https://dienmayelc.com.vn/san-pham/noi-chien-khong-dau-hafele-af-68a-3-2-lit/?add-to-cart=6039,2025-12-29
https://dienmayelc.com.vn/san-pham/may-lanh-gia-re-2?add-to-cart=4069,2025-12-29
https://dienmayelc.com.vn/san-pham/tu-mat-alaska-inverter-300-lit-lc-533hi/?add-to-cart=4442,2025-12-29
https://dienmayelc.com.vn/san-pham/dieu-hoa-daikin-loại-noi-ong-gio-tieu-chuan-inverter-dieu-khien-day-2/?add-to-cart=3065,2025-12-29
https://dienmayelc.com.vn/san-pham/tu-dong-alaska-550-lit-hb-550n/?add-to-cart=4419,2025-12-29
https://dienmayelc.com.vn/san-pham/tu-dong-alaska-550-lit-hb-550n/?add-to-cart=4468,2025-12-29
https://dienmayelc.com.vn/san-pham/tu-dong-alaska-550-lit-hb-550n/?add-to-cart=4281,2025-12-29
https://dienmayelc.com.vn/san-pham/tu-dong-alaska-550-lit-hb-550n/?add-to-cart=4162,2025-12-29
https://dienmayelc.com.vn/kich-thuoc-dieu-hoa-am-tran/feed/,2025-12-29
https://dienmayelc.com.vn/san-pham/dieu-hoa-daikin-am-tran-dieu-khien-day-4/?add-to-cart=3158,2025-12-29
https://dienmayelc.com.vn/he-thong-dieu-hoa-khong-khi/page/3/?add-to-cart=3063,2025-12-29
https://dienmayelc.com.vn/he-thong-dieu-hoa-khong-khi/page/3/?add-to-cart=3064,2025-12-29
https://dienmayelc.com.vn/san-pham/dieu-hoa-daikin-am-tran-dieu-khien-day-2/?add-to-cart=2391,2025-12-29
https://dienmayelc.com.vn/san-pham/tu-mat-alaska-inverter-300-lit-lc-533hi/?add-to-cart=4396,2025-12-29
https://dienmayelc.com.vn/san-pham/dieu-hoa-daikin-am-tran-dieu-khien-day-8/?add-to-cart=2383,2025-12-29
https://dienmayelc.com.vn/san-pham/dieu-hoa-daikin-am-tran-dieu-khien-khong-day-4/?add-to-cart=3156,2025-12-29
https://dienmayelc.com.vn/san-pham/may-say-thong-hoi-electrolux-8-5-kg-eds854j3wb/?add-to-cart=4262,2025-12-29
https://dienmayelc.com.vn/san-pham/dieu-hoa-daikin-am-tran-dieu-khien-khong-day-3/?add-to-cart=2383,2025-12-29
https://dienmayelc.com.vn/san-pham/dieu-hoa-daikin-am-tran-dieu-khien-day-2/?add-to-cart=2381,2025-12-29
https://dienmayelc.com.vn/san-pham/dieu-hoa-daikin-am-tran-dieu-khien-khong-day-2/?add-to-cart=2382,2025-12-29
https://dienmayelc.com.vn/san-pham/dieu-hoa-daikin-am-tran-dieu-khien-khong-day-2/?add-to-cart=3156,2025-12-29
https://dienmayelc.com.vn/san-pham/dieu-hoa-daikin-am-tran-dieu-khien-khong-day-2/?add-to-cart=3154,2025-12-29
https://dienmayelc.com.vn/san-pham/dieu-hoa-daikin-am-tran-dieu-khien-khong-day-2/?add-to-cart=2378,2025-12-29
https://dienmayelc.com.vn/san-pham/dieu-hoa-daikin-am-tran-dieu-khien-khong-day-2/?add-to-cart=2381,2025-12-29
https://dienmayelc.com.vn/san-pham/tu-mat-sanaky-1400-lit-vh-1520hp/?add-to-cart=4281,2025-12-28
https://dienmayelc.com.vn/san-pham/tu-dong-sanaky-175-lit-vh-225a2/?add-to-cart=4442,2025-12-28
https://dienmayelc.com.vn/tag/he-thong-vrv-daikin/feed/,2025-12-28
https://dienmayelc.com.vn/san-pham/dieu-hoa-daikin-loai-ap-tran-tieu-chuan-inverter-dieu-khien-khong-day-fhfc60dv1-rzfc60dvm/?add-to-cart=3196,2025-12-28
https://dienmayelc.com.vn/huong-dan-su-dung-dieu-khien-dieu-hoa-panasonic/feed/,2025-12-28
https://dienmayelc.com.vn/bat-mi-kinh-nghiem-mua-may-lanh-cu-khong-nen-bo-qua/feed/,2025-12-28
https://dienmayelc.com.vn/hoan-thien-nghiem-thu-ban-giao-he-thong-dieu-hoa-khong-khi-cho-tham-my-vien-aura-tra-vinh/feed/,2025-12-28
https://dienmayelc.com.vn/san-pham/tu-lanh-hitachi-inverter-290-lit-r-h350pgv7bbk/?add-to-cart=4419,2025-12-28
https://dienmayelc.com.vn/san-pham/tu-mat-alaska-450-lit-lc-450b/?add-to-cart=4124,2025-12-28
https://dienmayelc.com.vn/san-pham/tu-lanh-casper-inverter-325-lit-rb-365vb/?add-to-cart=6210,2025-12-28
https://dienmayelc.com.vn/san-pham/may-lanh-treo-tuong-daikin-tieu-chuan-inverter/feed/,2025-12-28
https://dienmayelc.com.vn/san-pham/dieu-hoa-daikin-am-tran-dieu-khien-khong-day-8/?add-to-cart=3159,2025-12-28
https://dienmayelc.com.vn/san-pham/tu-lanh-casper-inverter-404-lit-rt-421vgw/?add-to-cart=4442,2025-12-28
https://dienmayelc.com.vn/san-pham/dieu-hoa-daikin-air-loai-tu-dung-inverter-dieu-khien-day-3/?add-to-cart=1519,2025-12-28
https://dienmayelc.com.vn/he-thong-dieu-hoa-khong-khi/may-lanh-cu-cac-hang/?add-to-cart=1523,2025-12-28
https://dienmayelc.com.vn/san-pham/may-say-bom-nhiet-samsung-inverter-9-kg-dv90m5200qw-sv/?add-to-cart=4262,2025-12-28
https://dienmayelc.com.vn/san-pham/may-say-thong-hoi-electrolux-8-5-kg-eds854j3wb/?add-to-cart=4217,2025-12-28
https://dienmayelc.com.vn/san-pham/dieu-hoa-daikin-am-tran-dieu-khien-khong-day-4/?add-to-cart=3154,2025-12-28
https://dienmayelc.com.vn/san-pham/noi-chien-khong-dau-hafele-af-68a-3-2-lit/?add-to-cart=4137,2025-12-28
https://dienmayelc.com.vn/san-pham/may-hut-bui-xiaomi-robot-vacuum-e10-eu-bhr6783eu/?add-to-cart=4124,2025-12-28
https://dienmayelc.com.vn/san-pham/may-hut-bui-xiaomi-robot-vacuum-e10-eu-bhr6783eu/?add-to-cart=4235,2025-12-28
https://dienmayelc.com.vn/san-pham/may-hut-bui-xiaomi-robot-vacuum-e10-eu-bhr6783eu/?add-to-cart=5615,2025-12-28
https://dienmayelc.com.vn/san-pham/may-hut-bui-xiaomi-robot-vacuum-e10-eu-bhr6783eu/?add-to-cart=4190,2025-12-28
https://dienmayelc.com.vn/san-pham/may-hut-bui-xiaomi-robot-vacuum-e10-eu-bhr6783eu/?add-to-cart=4153,2025-12-28
https://dienmayelc.com.vn/san-pham/tu-lanh-panasonic-inverter-306-lit-nr-tv341vgmv/?add-to-cart=4235,2025-12-28
https://dienmayelc.com.vn/san-pham/dieu-hoa-daikin-am-tran-dieu-khien-khong-day-7/?add-to-cart=2383,2025-12-28
https://dienmayelc.com.vn/san-pham/dieu-hoa-daikin-am-tran-dieu-khien-khong-day-8/?add-to-cart=2383,2025-12-28
https://dienmayelc.com.vn/tag/thi-cong-lap-dat-he-thong-gio-tuoi-cho-can-ho-cao-cap-landmark81/feed/,2025-12-28
https://dienmayelc.com.vn/san-pham/dieu-hoa-daikin-loại-noi-ong-gio-tieu-chuan-inverter-dieu-khien-khong-day/?add-to-cart=3068,2025-12-28
https://dienmayelc.com.vn/san-pham/may-giat-samsung-inverter-9-kg-ww90tp54dsb-sv/?add-to-cart=4509,2025-12-28
https://dienmayelc.com.vn/tag/dan-nong-may-lanh-keu-to/feed/,2025-12-28
https://dienmayelc.com.vn/san-pham/may-giat-samsung-inverter-9-kg-ww90tp54dsb-sv/?add-to-cart=4484,2025-12-28
https://dienmayelc.com.vn/san-pham/may-hut-bui-xiaomi-robot-vacuum-e10-eu-bhr6783eu/?add-to-cart=6063,2025-12-28
https://dienmayelc.com.vn/san-pham/dieu-hoa-daikin-ap-tran-dieu-khien-khong-day/?add-to-cart=3198,2025-12-28
https://dienmayelc.com.vn/san-pham/may-giat-samsung-inverter-9-kg-ww90tp54dsb-sv/?add-to-cart=4413,2025-12-28
https://dienmayelc.com.vn/san-pham/may-giat-samsung-inverter-9-kg-ww90tp54dsb-sv/?add-to-cart=4162,2025-12-28
https://dienmayelc.com.vn/san-pham/may-giat-samsung-inverter-9-kg-ww90tp54dsb-sv/?add-to-cart=4190,2025-12-28
https://dienmayelc.com.vn/san-pham/may-giat-samsung-inverter-9-kg-ww90tp54dsb-sv/?add-to-cart=4109,2025-12-28
https://dienmayelc.com.vn/san-pham/may-giat-samsung-inverter-9-kg-ww90tp54dsb-sv/?add-to-cart=4502,2025-12-28
https://dienmayelc.com.vn/san-pham/may-giat-samsung-inverter-9-kg-ww90tp54dsb-sv/?add-to-cart=4257,2025-12-28
https://dienmayelc.com.vn/san-pham/may-giat-samsung-inverter-9-kg-ww90tp54dsb-sv/feed/,2025-12-28
https://dienmayelc.com.vn/san-pham/dieu-hoa-daikin-loại-ap-tran-tieu-chuan-inverter-dieu-khien-khong-day/?add-to-cart=2387,2025-12-28
https://dienmayelc.com.vn/san-pham/dieu-hoa-daikin-ap-tran-dieu-khien-day-fhfc85dv1-rzfc85dvm-brc2e61/?add-to-cart=3196,2025-12-28
https://dienmayelc.com.vn/san-pham/may-hut-bui-xiaomi-robot-vacuum-s10-eu-bhr5988eu/?add-to-cart=4153,2025-12-28
https://dienmayelc.com.vn/san-pham/dieu-hoa-daikin-am-tran-dieu-khien-khong-day-3/?add-to-cart=2377,2025-12-28
https://dienmayelc.com.vn/san-pham/noi-chien-khong-dau-philips-hd925290/?add-to-cart=4153,2025-12-28
https://dienmayelc.com.vn/san-pham/noi-chien-khong-dau-philips-hd925290/?add-to-cart=4207,2025-12-28
https://dienmayelc.com.vn/san-pham/may-say-panasonic-7-kg-nh-e70ja1wvt/?add-to-cart=4124,2025-12-28
https://dienmayelc.com.vn/san-pham/may-say-panasonic-8-kg-nh-e80ja1wvt/?add-to-cart=4153,2025-12-28
https://dienmayelc.com.vn/san-pham/tu-mat-sanaky-1400-lit-vh-1520hp/?add-to-cart=4207,2025-12-28
https://dienmayelc.com.vn/san-pham/smart-tivi-qled-samsung-4k-55-inch-55q70ta/?add-to-cart=4250,2025-12-28
https://dienmayelc.com.vn/dien-may/dien-gia-dung/?add-to-cart=6039,2025-12-28
https://dienmayelc.com.vn/san-pham/dieu-hoa-daikin-am-tran-dieu-khien-khong-day-4/?add-to-cart=3157,2025-12-28
https://dienmayelc.com.vn/san-pham/dieu-hoa-daikin-am-tran-dieu-khien-day-8/?add-to-cart=2382,2025-12-28
https://dienmayelc.com.vn/san-pham/dieu-hoa-daikin-am-tran-dieu-khien-day-8/?add-to-cart=3157,2025-12-28
https://dienmayelc.com.vn/san-pham/noi-chien-khong-dau-rapido-raf6-5m2/?add-to-cart=4172,2025-12-28
https://dienmayelc.com.vn/san-pham/smart-tivi-samsung-32-inch-ua32t4500/?add-to-cart=4262,2025-12-28
https://dienmayelc.com.vn/san-pham/android-tivi-tcl-4k-65-inch-65p715/?add-to-cart=4124,2025-12-28
https://dienmayelc.com.vn/san-pham/dieu-hoa-daikin-am-tran-dieu-khien-day-4/?add-to-cart=3150,2025-12-28
https://dienmayelc.com.vn/san-pham/smart-tivi-samsung-32-inch-ua32t4500/?add-to-cart=4383,2025-12-28
https://dienmayelc.com.vn/tinh-trang-o-nhiem-khong-khi-nang-tai-dong-nam-bo-dau-la-hang-rao-bao-ve-suc-khoe/feed/,2025-12-28
https://dienmayelc.com.vn/san-pham/may-say-panasonic-8-kg-nh-e80ja1wvt/?add-to-cart=4235,2025-12-28
https://dienmayelc.com.vn/san-pham/tu-mat-sanaky-1400-lit-vh-1520hp/?add-to-cart=4153,2025-12-28
https://dienmayelc.com.vn/tag/may-loc-khong-khi-phong-ngu/feed/,2025-12-28
https://dienmayelc.com.vn/san-pham/dieu-hoa-daikin-am-tran-dieu-khien-day-2/?add-to-cart=2384,2025-12-28
https://dienmayelc.com.vn/san-pham/dieu-hoa-daikin-am-tran-dieu-khien-khong-day-2/?add-to-cart=2377,2025-12-28
https://dienmayelc.com.vn/san-pham/tu-dong-alaska-bcd-4567n/?add-to-cart=4207,2025-12-28
https://dienmayelc.com.vn/tag/may-lanh-am-tran-tai-05-dai-lo-binh-duong/feed/,2025-12-28
https://dienmayelc.com.vn/thiet-ke-he-thong-loc-khong-khi-thu-hoi-nhiet-hai-chieu-mr-quoc-viet-the-river-thu-thiem-q-2-tp-hcm2/feed/,2025-12-28
https://dienmayelc.com.vn/san-pham/tu-mat-sanaky-1400-lit-vh-1520hp/?add-to-cart=4172,2025-12-28
https://dienmayelc.com.vn/san-pham/dieu-hoa-daikin-am-tran-dieu-khien-day/?add-to-cart=3158,2025-12-28
https://dienmayelc.com.vn/san-pham/tu-lanh-sharp-inverter-678-lit-sj-fx680v-wh/?add-to-cart=6210,2025-12-28
https://dienmayelc.com.vn/san-pham/may-say-panasonic-8-kg-nh-e80ja1wvt/?add-to-cart=4702,2025-12-28
https://dienmayelc.com.vn/san-pham/tu-cham-soc-quan-ao-thong-minh-samsung-df60r8600cg-sv/?add-to-cart=4281,2025-12-28
https://dienmayelc.com.vn/san-pham/dieu-hoa-daikin-loại-noi-ong-gio-tieu-chuan-inverter-dieu-khien-day/?add-to-cart=3065,2025-12-28
https://dienmayelc.com.vn/he-thong-dieu-hoa-khong-khi/may-lanh-am-tran/?add-to-cart=2377,2025-12-28
https://dienmayelc.com.vn/san-pham/tu-mat-alaska-inverter-300-lit-lc-533hi/?add-to-cart=4235,2025-12-28
https://dienmayelc.com.vn/san-pham/smart-tivi-samsung-32-inch-ua32t4500/?add-to-cart=4235,2025-12-28
https://dienmayelc.com.vn/dien-may/page/2/?add-to-cart=5600,2025-12-28
https://dienmayelc.com.vn/san-pham/dieu-hoa-daikin-am-tran-dieu-khien-khong-day-3/?add-to-cart=2375,2025-12-28
https://dienmayelc.com.vn/dien-may/page/2/?add-to-cart=4694,2025-12-28
https://dienmayelc.com.vn/san-pham/tu-dong-alaska-bcd-4567n/?add-to-cart=4484,2025-12-28
https://dienmayelc.com.vn/cua-hang/page/2/?add-to-cart=3159,2025-12-28
https://dienmayelc.com.vn/san-pham/dieu-hoa-daikin-loai-ap-tran-tieu-chuan-inverter-dieu-khien-khong-day-fhfc60dv1-rzfc60dvm/?add-to-cart=2380,2025-12-28
https://dienmayelc.com.vn/san-pham/tu-lanh-panasonic-inverter-306-lit-nr-tv341vgmv/?add-to-cart=4124,2025-12-28
https://dienmayelc.com.vn/san-pham/dieu-hoa-daikin-loai-ap-tran-tieu-chuan-inverter-dieu-khien-khong-day-fhfc60dv1-rzfc60dvm/?add-to-cart=2382,2025-12-28
https://dienmayelc.com.vn/san-pham/tu-dong-sanaky-175-lit-vh-225a2/?add-to-cart=4172,2025-12-28
https://dienmayelc.com.vn/dien-may/page/2/?add-to-cart=4669,2025-12-28
https://dienmayelc.com.vn/san-pham/may-say-panasonic-8-kg-nh-e80ja1wvt/feed/,2025-12-28
https://dienmayelc.com.vn/tu-lanh/?add-to-cart=4109,2025-12-28
https://dienmayelc.com.vn/san-pham/tu-dong-sanaky-175-lit-vh-225a2/?add-to-cart=4264,2025-12-28
https://dienmayelc.com.vn/san-pham/tu-lanh-casper-inverter-404-lit-rt-421vgw/?add-to-cart=4264,2025-12-28
https://dienmayelc.com.vn/cua-hang/page/2/?add-to-cart=3147,2025-12-28
https://dienmayelc.com.vn/san-pham/noi-chien-khong-dau-rapido-raf6-5m2/?add-to-cart=5591,2025-12-28
https://dienmayelc.com.vn/san-pham/tu-cham-soc-quan-ao-thong-minh-samsung-df60r8600cg-sv/?add-to-cart=4383,2025-12-28
https://dienmayelc.com.vn/san-pham/tu-cham-soc-quan-ao-thong-minh-samsung-df60r8600cg-sv/?add-to-cart=4651,2025-12-28
https://dienmayelc.com.vn/san-pham/dieu-hoa-daikin-ap-tran-dieu-khien-khong-day/?add-to-cart=3193,2025-12-28
https://dienmayelc.com.vn/san-pham/tu-lanh-hitachi-inverter-290-lit-r-h350pgv7bbk/?add-to-cart=4484,2025-12-28
https://dienmayelc.com.vn/wp-admin/*,2025-12-28
https://dienmayelc.com.vn/the-river-thu-thiem-nghiem-thu-hoan-thanh/feed/,2025-12-28
https://dienmayelc.com.vn/san-pham/may-giat-lg-inverter-9-kg-fv1409s4w/?add-to-cart=4137,2025-12-28
https://dienmayelc.com.vn/san-pham/noi-chien-khong-dau-smart-plus-nagakawa-nag3303/?add-to-cart=6039,2025-12-28
https://dienmayelc.com.vn/san-pham/tu-lanh-casper-inverter-404-lit-rt-421vgw/?add-to-cart=4250,2025-12-28
https://dienmayelc.com.vn/may-giat/?add-to-cart=4523,2025-12-28
https://dienmayelc.com.vn/san-pham/noi-chien-khong-dau-philips-hd925290/?add-to-cart=6084,2025-12-28
https://dienmayelc.com.vn/san-pham/dieu-hoa-daikin-ap-tran-dieu-khien-khong-day/?add-to-cart=2390,2025-12-28
https://dienmayelc.com.vn/san-pham/dieu-hoa-daikin-am-tran-dieu-khien-day-8/?add-to-cart=3160,2025-12-28
https://dienmayelc.com.vn/cua-hang/page/3/?add-to-cart=3068,2025-12-28
https://dienmayelc.com.vn/san-pham/dieu-hoa-daikin-loại-noi-ong-gio-tieu-chuan-inverter-dieu-khien-day-3/?add-to-cart=3065,2025-12-28
https://dienmayelc.com.vn/may-say/?add-to-cart=4651,2025-12-28
https://dienmayelc.com.vn/san-pham/dieu-hoa-daikin-am-tran-dieu-khien-day-8/?add-to-cart=3159,2025-12-28
https://dienmayelc.com.vn/san-pham/noi-chien-khong-dau-hafele-af-68a-3-2-lit/?add-to-cart=6063,2025-12-28