Trang đích,Các liên kết bên trong
https://dienmayelc.com.vn/,1049
https://dienmayelc.com.vn/thong-tin,772
https://dienmayelc.com.vn/san-pham,634
https://dienmayelc.com.vn/du-an,517
https://dienmayelc.com.vn/dich-vu,511
https://dienmayelc.com.vn/tin-tuc,504
https://dienmayelc.com.vn/chinh-sach-bao-hanh-san-pham,498
https://dienmayelc.com.vn/chinh-sach-doi-tra-va-hoan-tien,497
https://dienmayelc.com.vn/quy-trinh-thi-cong-lap-dat-may-lanh-chuan-ky-thuat-tai-dien-may-elc,496
https://dienmayelc.com.vn/gioi-thieu-ve-dien-may-elc,493
https://dienmayelc.com.vn/chi-nhanh/van-phong,490
https://dienmayelc.com.vn/du-an/he-thong-loc-khong-khi-trung-tam-cao-cap-tai-the-river-thu-thiem,444
https://dienmayelc.com.vn/du-an/lap-dat-he-thong-dieu-hoa-khong-khi-he-thong-cap-khi-tuoi-biet-thu-pho-thu-dau-mot,444
https://dienmayelc.com.vn/du-an/thi-cong-he-thong-vrv-daikin-khi-tuoi-menred-hagisu-tai-villa-tan-truong-quan-7,438
https://dienmayelc.com.vn/san-pham/may-lanh-ap-tran,435
https://dienmayelc.com.vn/san-pham/may-lanh-giau-tran-noi-ong-gio,435
https://dienmayelc.com.vn/chi-nhanh/tru-so-van-phong,433
https://dienmayelc.com.vn/san-pham/may-lanh-treo-tuong,431
https://dienmayelc.com.vn/san-pham/may-lanh,426
https://dienmayelc.com.vn/san-pham/may-loc-khong-khi,421
https://dienmayelc.com.vn/chi-nhanh/kho-hang,420
https://dienmayelc.com.vn/san-pham/may-loc-nuoc,413
https://dienmayelc.com.vn/chi-nhanh/kho-bai-ky-thuat,409
https://dienmayelc.com.vn/san-pham/may-lanh-am-tran-da-huong-thoi,338
https://dienmayelc.com.vn/san-pham/may-loc-nuoc-ro-3-in-1,338
https://dienmayelc.com.vn/san-pham/may-cap-khi-tuoi-loc-khong-khi,337
https://dienmayelc.com.vn/san-pham/phu-kien-dong-bo-cua-he-thong-cap-gio-tuoi,336
https://dienmayelc.com.vn/san-pham/may-lanh-tu-dung,279
https://dienmayelc.com.vn/du-an/dien-may-elc-hoan-thanh-he-thong-may-lanh-daikin-likenew-cho-trung-tam-hoi-nghi-tiec-cuoi-onni-house-to-ky-hoc-mon,268
https://dienmayelc.com.vn/san-pham/remote-cam-tay,255
https://dienmayelc.com.vn/du-an/dien-may-elc-hoan-thanh-he-thong-loc-cap-khi-tuoi-thu-hoi-nhiet-menred-hagisu-cho-phong-kham-da-khoa-sai-gon-medic-quan-3,253
https://dienmayelc.com.vn/du-an/dien-may-elc-hoan-thanh-he-thong-dieu-hoa-khong-khi-am-tran-cassette-daikin-inverter-cho-nha-hang-tai-05-dai-lo-binh-duong,248
https://dienmayelc.com.vn/du-an/dien-may-elc-hoan-thanh-he-thong-may-lanh-daikin-likenew-cho-nha-pho-tai-nhon-trach-dong-nai,248
https://dienmayelc.com.vn/du-an/vui-choi-giai-tri,248
https://dienmayelc.com.vn/san-pham/cong-tac-thong-minh,248
https://dienmayelc.com.vn/san-pham/cam-bien-thong-minh,246
https://dienmayelc.com.vn/du-an/dien-may-elc-hoan-thanh-he-thong-dieu-hoa-am-tran-cassette-lg-cho-nha-hang-tiec-cuoi-viet-ha-ba-ria-vung-tau,245
https://dienmayelc.com.vn/du-an/lap-dat-he-thong-dieu-hoa-khong-khi-cho-cau-lac-bo-bida-hoang-sao-quan-tan-phu,245
https://dienmayelc.com.vn/du-an/he-thong-dhkk-am-tran-va-cap-khi-tuoi-thu-hoi-nhiet-menred-hagisu-cho-nha-pho-mr-vu-quan-5,242
https://dienmayelc.com.vn/du-an/nha-hang-trung-tam-tiec-cuoi,242
https://dienmayelc.com.vn/du-an/dien-may-elc-hoan-thanh-he-thong-dieu-hoa-am-tran-cassette-cho-nha-hang-tai-phu-quoc-kien-giang,238
https://dienmayelc.com.vn/du-an/dien-may-elc-hoan-thanh-he-thong-dieu-hoa-daikin-loc-cap-khi-tuoi-menred-hagisu-cho-van-phong-lam-viec-tram-be-tong-nhua-bmt,238
https://dienmayelc.com.vn/du-an/dien-may-elc-hoan-thanh-he-thong-may-lanh-daikin-likenew-cho-hoi-quan-nong-lam-dai-hoc-nong-lam-tpthu-duc,235
https://dienmayelc.com.vn/du-an/dien-may-elc-hoan-thanh-he-thong-loc-cap-khi-tuoi-thu-hoi-nhiet-menred-hagisu-cho-van-phong-khu-xu-ly-rac-thai-toc-tien-ba-ria-vung-tau,234
https://dienmayelc.com.vn/du-an/chung-cu,232
https://dienmayelc.com.vn/du-an/dien-may-elc-hoan-thanh-he-thong-dieu-hoa-am-tran-lg-va-loc-cap-khi-tuoi-menred-hagisu-cho-can-ho-feliz-en-vista-quan-2,232
https://dienmayelc.com.vn/du-an/lap-dat-he-thong-dieu-hoa-khong-khi-am-tran-cho-chuoi-ca-phe-cao-cap-loca-cafe,229
https://dienmayelc.com.vn/du-an/he-thong-cap-gio-tuoi-thu-hoi-nhiet-cho-nha-hang-chay-lien-hoa-huyen-binh-chanh,228
https://dienmayelc.com.vn/du-an/lap-dat-he-thong-dieu-hoa-khong-khi-cho-tham-my-vien-aura-tra-vinh,227
https://dienmayelc.com.vn/du-an/biet-thu,212
https://dienmayelc.com.vn/du-an/y-te,171
https://dienmayelc.com.vn/du-an/thiet-ke-va-lap-dat-he-thong-dhkk-va-he-thong-loc-cap-khi-tuoi-hoi-nhiet-cho-villa-mrs-tham-tan-phu,122
https://dienmayelc.com.vn/du-an/dien-may-elc-hoan-thanh-he-thong-loc-cap-khi-tuoi-thu-hoi-nhiet-menred-hagisu-cho-biet-thu-centuria-vuon-lai-quan-12,90
https://dienmayelc.com.vn/du-an/dieu-hoa-trung-tam-vrv-va-he-thong-cap-khi-tuoi-thu-hoi-nhiet-tai-villa-mr-vuong,87
https://dienmayelc.com.vn/du-an/thiet-ke-va-thi-cong-lap-dat-he-thong-cap-khi-tuoi-thu-hoi-nhiet-loc-khong-khi-menred-hagisu-cho-can-ho-mr-vinh-quan-go-vap,78
https://dienmayelc.com.vn/du-an/dien-may-elc-hoan-thanh-he-thong-may-lanh-am-tran-cassette-daikin-inverter-cho-phong-server-tai-tan-binh-tphcm,75
https://dienmayelc.com.vn/du-an/dien-may-elc-hoan-thanh-lap-dat-he-thong-may-lanh-am-tran-cassette-daikin-inverter-cho-phong-tap-gym-tai-go-vap,75
https://dienmayelc.com.vn/du-an/dien-may-elc-hoan-thanh-lap-dat-he-thong-may-lanh-am-tran-cassette-daikin-inverter-cho-studio-tai-quan-2-tphcm,75
https://dienmayelc.com.vn/san-pham/may-lanh-trung-tam-vrv,70
https://dienmayelc.com.vn/du-an/van-phong,69
https://dienmayelc.com.vn/du-an/dien-may-elc-hoan-thanh-nang-cap-he-thong-dieu-hoa-va-khi-tuoi-cho-ubnd-phuong-long-phuoc-sau-sap-xep-don-vi-hanh-chinh,68
https://dienmayelc.com.vn/du-an/tru-so-co-quan,68
https://dienmayelc.com.vn/du-an/dien-may-elc-hoan-thanh-he-thong-dieu-hoa-am-tran-daikin-cho-toa-nha-van-phong-tr-metro-view-thao-dien,66
https://dienmayelc.com.vn/du-an/dien-may-elc-hoan-thanh-he-thong-dieu-hoa-khong-khi-va-khi-tuoi-cho-van-phong-dang-uy-phuong-long-phuoc,66
https://dienmayelc.com.vn/san-pham/may-lanh-treo-tuong-daikin-1hp-mot-chieu-inverter-ftkb25zvmv,64
https://dienmayelc.com.vn/san-pham/may-lanh-treo-tuong-daikin-25hp-mot-chieu-inverter-ftkm60avmv,62
https://dienmayelc.com.vn/san-pham/may-lanh-treo-tuong-daikin-15hp-mot-chieu-inverter-ftkb35zvmv,61
https://dienmayelc.com.vn/san-pham/may-lanh-treo-tuong-daikin-1hp-mot-chieu-inverter-ftkf25zvmv,59
https://dienmayelc.com.vn/san-pham/may-lanh-treo-tuong-daikin-1hp-hai-chieu-inverter-ftxm25xvmv,57
https://dienmayelc.com.vn/du-an/nghiem-thu-he-thong-loc-khong-khi-trung-tam-menred-s5-tai-can-ho-vista-verde,41
https://dienmayelc.com.vn/san-pham/may-lanh-am-tran-da-huong-thoi-2hp-daikin-inverter-1-pha-fcf50cvm,31
https://dienmayelc.com.vn/san-pham/may-loc-va-cap-khi-tuoi-thu-hoi-nhiet-g7-smart-o2-g7,31
https://dienmayelc.com.vn/san-pham/may-loc-va-cap-khi-tuoi-thu-hoi-nhiet-p5-cls40e-p5-cls40e,31
https://dienmayelc.com.vn/san-pham/may-lanh-giau-tran-noi-ong-gio-1hp-daikin-1-pha-fdbnq09mv1v,28
https://dienmayelc.com.vn/san-pham/may-loc-va-cap-khi-tuoi-thu-hoi-nhiet-net3000-net3000,28
https://dienmayelc.com.vn/co-so-ha-tang/kho-bai-ky-thuat,11
https://dienmayelc.com.vn/co-so-ha-tang/kho-hang,11
https://dienmayelc.com.vn/co-so-ha-tang/van-phong,11
https://dienmayelc.com.vn/co-so-ha-tang/tru-so-van-phong,8
https://dienmayelc.com.vn/san-pham/bang-dieu-khien-tich-hop-thong-minh-dong-lux-bdkthtm,8
https://dienmayelc.com.vn/san-pham/cong-tac-dieu-chinh-tang-giam-do-sang-2-kenh-dong-lux-ctdc,8
https://dienmayelc.com.vn/san-pham/may-lanh-ap-tran-daikin-inverter-15hp-1-pha-fhfc40ev1,7
https://dienmayelc.com.vn/san-pham/cong-tac-chiet-ap-thong-minh-chu-nhat-dong-lux-ctcatm,5
https://dienmayelc.com.vn/tin-tuc/chi-phi-dien-tang-cao-doanh-nghiep-nen-lam-gi,1
https://dienmayelc.com.vn/tin-tuc/nhung-dau-hieu-cho-thay-van-phong-dang-thieu-khi-tuoi,1
https://dienmayelc.com.vn/tin-tuc/vi-sao-cong-trinh-kin-cang-hien-dai-lai-cang-can-cap-khi-tuoi,1