id,name,mpn,slug_cu,name_slug,mpn_slug,slug_moi
368b0c40-6783-4bf6-91ab-a2b9e213ac1d,Cửa gió trong (vent gió) chính hãng,CUAGIO,cuagio,cua-gio-trong-vent-gio-chinh-hang,cuagio,cua-gio-trong-vent-gio-chinh-hang-cuagio
2a4fb2a1-cf48-4592-832a-b989480b3902,Hệ phụ kiện đồng bộ,PHUKIEN,phukien,he-phu-kien-dong-bo,phukien,he-phu-kien-dong-bo-phukien
b3927f18-f2dc-47ca-9078-e2769e35b1cc,"Máy cấp khí tươi, khử nồm G2",G2,g2,may-cap-khi-tuoi-khu-nom-g2,g2,may-cap-khi-tuoi-khu-nom-g2-g2
d75131fb-2e23-46de-a3f2-c6b399c53c4e,"Máy cấp khí tươi, khử nồm HGS-90 PRO",HGS-90 PRO,hgs-90-pro,may-cap-khi-tuoi-khu-nom-hgs-90-pro,hgs-90-pro,may-cap-khi-tuoi-khu-nom-hgs-90-pro-hgs-90-pro
be9e94df-faba-4b67-979a-c8ae0e2912c1,"Máy cấp khí tươi, lọc không khí Smart O2 S1",O2 S1,o2-s1,may-cap-khi-tuoi-loc-khong-khi-smart-o2-s1,o2-s1,may-cap-khi-tuoi-loc-khong-khi-smart-o2-s1-o2-s1
1d7ec623-9201-4239-b06d-76f9c57fba30,Máy điều hòa tủ đứng Daikin inverter 2.5Hp ( 1 pha ),FVA60AMVM,25hp-fva60amvm,may-dieu-hoa-tu-dung-daikin-inverter-25hp-1-pha,fva60amvm,may-dieu-hoa-tu-dung-daikin-inverter-25hp-1-pha-fva60amvm
1d813eef-9120-4cde-a59b-52fc98dc2b32,Máy điều hòa tủ đứng Daikin inverter 2Hp ( 1 pha ),FVA50AMVM,2hp-fva50amvm,may-dieu-hoa-tu-dung-daikin-inverter-2hp-1-pha,fva50amvm,may-dieu-hoa-tu-dung-daikin-inverter-2hp-1-pha-fva50amvm
22cf4d79-aee3-43fb-8f1a-3f5a05f88ec3,Máy điều hòa tủ đứng Daikin inverter 3Hp ( 1 pha ),FVA71AMVM,25hp-fva71amvm,may-dieu-hoa-tu-dung-daikin-inverter-3hp-1-pha,fva71amvm,may-dieu-hoa-tu-dung-daikin-inverter-3hp-1-pha-fva71amvm
e398055b-8e31-4c5d-a826-c6c259b71526,Máy điều hòa tủ đứng Daikin inverter 4Hp ( 1 pha ),FVA100AMVM,4hp-fva100amvm,may-dieu-hoa-tu-dung-daikin-inverter-4hp-1-pha,fva100amvm,may-dieu-hoa-tu-dung-daikin-inverter-4hp-1-pha-fva100amvm
3eb72cec-5b13-4e99-974d-baf9a811bf15,Máy điều hòa tủ đứng Daikin inverter 5.5Hp ( 1 pha ),FVA140AMVM,55hp-fva140amvm,may-dieu-hoa-tu-dung-daikin-inverter-55hp-1-pha,fva140amvm,may-dieu-hoa-tu-dung-daikin-inverter-55hp-1-pha-fva140amvm
a4553604-45e7-4fc1-a94d-d1400d41f655,Máy điều hòa tủ đứng Daikin inverter 5Hp ( 1 pha ),FVA125AMVM,5hp-fva125amvm,may-dieu-hoa-tu-dung-daikin-inverter-5hp-1-pha,fva125amvm,may-dieu-hoa-tu-dung-daikin-inverter-5hp-1-pha-fva125amvm
6ef30cae-0620-4010-a88c-7da599041967,Máy lạnh âm trần đa hướng thổi 1.5HP  Daikin  ( 1 pha ),FCNQ13MV1,15hp-fcnq13mv1,may-lanh-am-tran-da-huong-thoi-15hp-daikin-1-pha,fcnq13mv1,may-lanh-am-tran-da-huong-thoi-15hp-daikin-1-pha-fcnq13mv1
9df48e7c-a87e-47b2-a540-55147736bc6a,Máy lạnh âm trần đa hướng thổi 1.5HP  Daikin inverter ( 1 pha ),FCFC40DVM,15hp-fcfc40dvm,may-lanh-am-tran-da-huong-thoi-15hp-daikin-inverter-1-pha,fcfc40dvm,may-lanh-am-tran-da-huong-thoi-15hp-daikin-inverter-1-pha-fcfc40dvm
ee31e0c4-9f52-4b3a-ab06-a9c833c22ed2,Máy lạnh âm trần đa hướng thổi 2.5HP  Daikin  ( 1 pha ),FCNQ21MV1,25hp-fcnq21mv1,may-lanh-am-tran-da-huong-thoi-25hp-daikin-1-pha,fcnq21mv1,may-lanh-am-tran-da-huong-thoi-25hp-daikin-1-pha-fcnq21mv1
a48a6ca9-18ad-448a-bff4-f3c9f33b9f65,Máy lạnh âm trần đa hướng thổi 2.5HP  Daikin inverter ( 1 pha ),FCFC60DVM,25hp-fcfc60dvm,may-lanh-am-tran-da-huong-thoi-25hp-daikin-inverter-1-pha,fcfc60dvm,may-lanh-am-tran-da-huong-thoi-25hp-daikin-inverter-1-pha-fcfc60dvm
895ce36d-9c6b-421e-83ca-d7b3d7e6a388,Máy lạnh âm trần đa hướng thổi 2.5HP  Daikin inverter ( 1 pha ),FCF60CVM,25hp-fcf60cvm,may-lanh-am-tran-da-huong-thoi-25hp-daikin-inverter-1-pha,fcf60cvm,may-lanh-am-tran-da-huong-thoi-25hp-daikin-inverter-1-pha-fcf60cvm
e52eb517-bf39-4b8d-a809-678957b376b1,Máy lạnh âm trần đa hướng thổi 2HP  Daikin  ( 1 pha ),FCNQ18MV1,2hp-fcnq18mv1,may-lanh-am-tran-da-huong-thoi-2hp-daikin-1-pha,fcnq18mv1,may-lanh-am-tran-da-huong-thoi-2hp-daikin-1-pha-fcnq18mv1
466a34f8-fbd2-4cda-bfe3-3ed43b76977e,Máy lạnh âm trần đa hướng thổi 2HP  Daikin inverter ( 1 pha ),FCFC50DVM,2hp-fcfc50dvm,may-lanh-am-tran-da-huong-thoi-2hp-daikin-inverter-1-pha,fcfc50dvm,may-lanh-am-tran-da-huong-thoi-2hp-daikin-inverter-1-pha-fcfc50dvm
8d97ea8b-5e79-41e2-8f61-1a3ac20d7ac8,Máy lạnh âm trần đa hướng thổi 2HP  Daikin inverter ( 1 pha ),FCF50CVM,2hp-fcf50cvm,may-lanh-am-tran-da-huong-thoi-2hp-daikin-inverter-1-pha,fcf50cvm,may-lanh-am-tran-da-huong-thoi-2hp-daikin-inverter-1-pha-fcf50cvm
432a6e44-da6d-44fb-8632-23290aaad727,Máy lạnh âm trần đa hướng thổi 3.5HP  Daikin  ( 1 pha ),FCNQ30MV1,35hp-fcnq30mv1,may-lanh-am-tran-da-huong-thoi-35hp-daikin-1-pha,fcnq30mv1,may-lanh-am-tran-da-huong-thoi-35hp-daikin-1-pha-fcnq30mv1
7bf18423-46e6-4e3f-8d63-14e5f7bac4ba,Máy lạnh âm trần đa hướng thổi 3.5HP  Daikin inverter ( 1 pha ),FCFC85DVM,35hp-fcfc85dvm-1,may-lanh-am-tran-da-huong-thoi-35hp-daikin-inverter-1-pha,fcfc85dvm,may-lanh-am-tran-da-huong-thoi-35hp-daikin-inverter-1-pha-fcfc85dvm
644c93eb-d51d-4b7f-84cb-3ba4c5732462,Máy lạnh âm trần đa hướng thổi 3.5HP  Daikin inverter ( 3 pha ),"FCFC85DVM ",35hp-fcfc85dvm,may-lanh-am-tran-da-huong-thoi-35hp-daikin-inverter-3-pha,fcfc85dvm,may-lanh-am-tran-da-huong-thoi-35hp-daikin-inverter-3-pha-fcfc85dvm
10dc44eb-bc9e-4889-80e5-ee32976ed468,Máy lạnh âm trần đa hướng thổi 3HP  Daikin  ( 1 pha ),FCNQ26MV1,3hp-fcnq26mv1,may-lanh-am-tran-da-huong-thoi-3hp-daikin-1-pha,fcnq26mv1,may-lanh-am-tran-da-huong-thoi-3hp-daikin-1-pha-fcnq26mv1
70aebf17-04f3-4760-ba5f-f35d4fbdcc1f,Máy lạnh âm trần đa hướng thổi 3HP  Daikin inverter ( 1 pha ),FCF71CVM,3hp-fcf71cvm,may-lanh-am-tran-da-huong-thoi-3hp-daikin-inverter-1-pha,fcf71cvm,may-lanh-am-tran-da-huong-thoi-3hp-daikin-inverter-1-pha-fcf71cvm
548cb3c4-f430-44e8-a0b8-01b8fbc4fd07,Máy lạnh âm trần đa hướng thổi 3HP  Daikin inverter ( 1 pha ),FCFC71DVM,3hp-fcfc71dvm,may-lanh-am-tran-da-huong-thoi-3hp-daikin-inverter-1-pha,fcfc71dvm,may-lanh-am-tran-da-huong-thoi-3hp-daikin-inverter-1-pha-fcfc71dvm
48f6aaf5-9a7e-4290-8e81-b8a93c6835fb,Máy lạnh âm trần đa hướng thổi 3HP  Daikin inverter ( 3 pha ),"FCFC71DVM ",3hp-fcfc71dvm-1,may-lanh-am-tran-da-huong-thoi-3hp-daikin-inverter-3-pha,fcfc71dvm,may-lanh-am-tran-da-huong-thoi-3hp-daikin-inverter-3-pha-fcfc71dvm
ef954396-e402-46ef-86a9-4f02fb8941a4,Máy lạnh âm trần đa hướng thổi 4.5HP  Daikin  ( 3 pha ),"FCNQ42MV1 ",45hp-fcnq42mv1,may-lanh-am-tran-da-huong-thoi-45hp-daikin-3-pha,fcnq42mv1,may-lanh-am-tran-da-huong-thoi-45hp-daikin-3-pha-fcnq42mv1
3ed0497d-cfd4-4d57-9fa8-4411e222cabf,Máy lạnh âm trần đa hướng thổi 4HP  Daikin  ( 1 pha ),FCNQ36MV1,4hp-fcnq36mv1,may-lanh-am-tran-da-huong-thoi-4hp-daikin-1-pha,fcnq36mv1,may-lanh-am-tran-da-huong-thoi-4hp-daikin-1-pha-fcnq36mv1
d5afde8f-a0a0-4027-8a24-6b96da396a4b,Máy lạnh âm trần đa hướng thổi 4HP  Daikin inverter ( 1 pha ),FCF100CVM,4hp-fcf100cvm-1,may-lanh-am-tran-da-huong-thoi-4hp-daikin-inverter-1-pha,fcf100cvm,may-lanh-am-tran-da-huong-thoi-4hp-daikin-inverter-1-pha-fcf100cvm
9f20d412-3dfc-47b7-a189-0f3a443ce977,Máy lạnh âm trần đa hướng thổi 4HP  Daikin inverter ( 1 pha ),FCFC100DVM,4hp-fcfc100dvm,may-lanh-am-tran-da-huong-thoi-4hp-daikin-inverter-1-pha,fcfc100dvm,may-lanh-am-tran-da-huong-thoi-4hp-daikin-inverter-1-pha-fcfc100dvm
944deab6-4817-4ecb-9fdb-5e41b14b9189,Máy lạnh âm trần đa hướng thổi 4HP  Daikin inverter ( 3 pha ),FCF100CVM,4hp-fcf100cvm,may-lanh-am-tran-da-huong-thoi-4hp-daikin-inverter-3-pha,fcf100cvm,may-lanh-am-tran-da-huong-thoi-4hp-daikin-inverter-3-pha-fcf100cvm
c173e46f-7daf-4edd-bac4-e12e56edfd02,Máy lạnh âm trần đa hướng thổi 4HP  Daikin inverter ( 3 pha ),FCFC100DVM,4hp-fcfc100dvm-1,may-lanh-am-tran-da-huong-thoi-4hp-daikin-inverter-3-pha,fcfc100dvm,may-lanh-am-tran-da-huong-thoi-4hp-daikin-inverter-3-pha-fcfc100dvm
ee8e84fb-00d1-4550-9cde-9c32aef477f5,Máy lạnh âm trần đa hướng thổi 5.5HP  Daikin inverter ( 1 pha ),FCF140CVM,55hp-fcf140cvm,may-lanh-am-tran-da-huong-thoi-55hp-daikin-inverter-1-pha,fcf140cvm,may-lanh-am-tran-da-huong-thoi-55hp-daikin-inverter-1-pha-fcf140cvm
61f96de0-defb-46b2-b3dd-6404a9a37e99,Máy lạnh âm trần đa hướng thổi 5.5HP  Daikin inverter ( 3 pha ),FCFC140DVM,55hp-fcfc140dvm,may-lanh-am-tran-da-huong-thoi-55hp-daikin-inverter-3-pha,fcfc140dvm,may-lanh-am-tran-da-huong-thoi-55hp-daikin-inverter-3-pha-fcfc140dvm
e95c8cdb-75b2-4996-9317-a16337c1dc38,Máy lạnh âm trần đa hướng thổi 5.5HP  Daikin inverter ( 3 pha ),FCF140DVM,55hp-fcf140dvm,may-lanh-am-tran-da-huong-thoi-55hp-daikin-inverter-3-pha,fcf140dvm,may-lanh-am-tran-da-huong-thoi-55hp-daikin-inverter-3-pha-fcf140dvm
ba040d65-5952-4541-8c61-2a51965170e0,Máy lạnh âm trần đa hướng thổi 5HP  Daikin  ( 3 pha ),FCNQ48MV1,5hp-fcnq48mv1,may-lanh-am-tran-da-huong-thoi-5hp-daikin-3-pha,fcnq48mv1,may-lanh-am-tran-da-huong-thoi-5hp-daikin-3-pha-fcnq48mv1
33a57899-04d4-4bde-a030-090d822fd19e,Máy lạnh âm trần đa hướng thổi 5HP  Daikin inverter ( 1 pha ),FCF125CVM,5hp-fcf125cvm,may-lanh-am-tran-da-huong-thoi-5hp-daikin-inverter-1-pha,fcf125cvm,may-lanh-am-tran-da-huong-thoi-5hp-daikin-inverter-1-pha-fcf125cvm
0a21fe74-bf78-43ac-bf17-49afb3d50984,Máy lạnh âm trần đa hướng thổi 5HP  Daikin inverter ( 3 pha ),FCF125DVM,5hp-fcf125dvm,may-lanh-am-tran-da-huong-thoi-5hp-daikin-inverter-3-pha,fcf125dvm,may-lanh-am-tran-da-huong-thoi-5hp-daikin-inverter-3-pha-fcf125dvm
228011d7-7a77-44d2-aa0f-18e795ae27e9,Máy lạnh âm trần đa hướng thổi 5HP  Daikin inverter ( 3 pha ),"FCFC125DVM ",5hp-fcfc125dvm,may-lanh-am-tran-da-huong-thoi-5hp-daikin-inverter-3-pha,fcfc125dvm,may-lanh-am-tran-da-huong-thoi-5hp-daikin-inverter-3-pha-fcfc125dvm
16bd5277-ebb0-49eb-806f-f12d0d591343,Máy lạnh áp trần DaiKin 1.5HP ( 1 pha ),FHNQ13MV1V,15hp-fhnq13mv1v,may-lanh-ap-tran-daikin-15hp-1-pha,fhnq13mv1v,may-lanh-ap-tran-daikin-15hp-1-pha-fhnq13mv1v
5150cdcf-b19c-49f8-b9c0-d24023f8bd5c,Máy lạnh áp trần DaiKin 2.5HP ( 1 pha ),FHNQ21MV1V,25hp-fhnq21mv1v,may-lanh-ap-tran-daikin-25hp-1-pha,fhnq21mv1v,may-lanh-ap-tran-daikin-25hp-1-pha-fhnq21mv1v
4279283c-c7f2-47fa-9dc0-4873736c4606,Máy lạnh áp trần DaiKin 2HP ( 1 pha ),FHNQ18MV1V,20hp-fhnq18mv1v,may-lanh-ap-tran-daikin-2hp-1-pha,fhnq18mv1v,may-lanh-ap-tran-daikin-2hp-1-pha-fhnq18mv1v
d86218b6-6d37-4fa5-8626-094052f4c7d9,Máy lạnh áp trần DaiKin 3.5HP ( 1 pha ),FHNQ30MV1V,35hp-fhnq30mv1v,may-lanh-ap-tran-daikin-35hp-1-pha,fhnq30mv1v,may-lanh-ap-tran-daikin-35hp-1-pha-fhnq30mv1v
285823a3-5c81-47ae-be8c-26f72d558c62,Máy lạnh áp trần DaiKin 3HP ( 1 pha ),FHNQ24MV1V,30hp-fhnq24mv1v,may-lanh-ap-tran-daikin-3hp-1-pha,fhnq24mv1v,may-lanh-ap-tran-daikin-3hp-1-pha-fhnq24mv1v
4e1a6a79-4c26-4d3f-9ce7-f66c01e69fca,Máy lạnh áp trần DaiKin 4.5HP ( 3 pha ),FHNQ42MV1,45hp-fhnq42mv1,may-lanh-ap-tran-daikin-45hp-3-pha,fhnq42mv1,may-lanh-ap-tran-daikin-45hp-3-pha-fhnq42mv1
0279ddb4-0f1e-496a-96ac-48efedab8ab4,Máy lạnh áp trần DaiKin 4HP ( 1 pha ),FHNQ36MV1V,40hp-fhnq36mv1v,may-lanh-ap-tran-daikin-4hp-1-pha,fhnq36mv1v,may-lanh-ap-tran-daikin-4hp-1-pha-fhnq36mv1v
b86c322f-c662-4cf5-af8e-a24ec56408cc,Máy lạnh áp trần DaiKin 5HP ( 3 pha ),FHNQ48MV1,50hp-fhnq48mv1,may-lanh-ap-tran-daikin-5hp-3-pha,fhnq48mv1,may-lanh-ap-tran-daikin-5hp-3-pha-fhnq48mv1
e3779222-3005-4f93-a77a-4596f33c8184,Máy lạnh áp trần DaiKin inverter 1.5HP ( 1 pha ),FHFC40EV1,15hp-fhfc40ev1,may-lanh-ap-tran-daikin-inverter-15hp-1-pha,fhfc40ev1,may-lanh-ap-tran-daikin-inverter-15hp-1-pha-fhfc40ev1
64bf8ef5-4c08-406a-afa0-d0bb18ae9f0b,Máy lạnh áp trần DaiKin inverter 2.5HP ( 1 pha ),FHA60CVMV,25hp-fha60cvmv,may-lanh-ap-tran-daikin-inverter-25hp-1-pha,fha60cvmv,may-lanh-ap-tran-daikin-inverter-25hp-1-pha-fha60cvmv
55dd21a2-223f-4f1e-93fc-95eb724c5f53,Máy lạnh áp trần DaiKin inverter 2.5HP ( 1 pha ),FHFC60EV1,25hp-fhfc60ev1,may-lanh-ap-tran-daikin-inverter-25hp-1-pha,fhfc60ev1,may-lanh-ap-tran-daikin-inverter-25hp-1-pha-fhfc60ev1
92455325-692f-4197-a74d-4e6e85d69faf,Máy lạnh áp trần DaiKin inverter 2HP ( 1 pha ),FHA50CVMV,2hp-fha50cvmv,may-lanh-ap-tran-daikin-inverter-2hp-1-pha,fha50cvmv,may-lanh-ap-tran-daikin-inverter-2hp-1-pha-fha50cvmv
8916c15a-c9b4-4173-91d6-c545dd7b3bcd,Máy lạnh áp trần DaiKin inverter 2HP ( 1 pha ),FHFC50EV1,20hp-fhfc50ev1,may-lanh-ap-tran-daikin-inverter-2hp-1-pha,fhfc50ev1,may-lanh-ap-tran-daikin-inverter-2hp-1-pha-fhfc50ev1
70ddcc3c-03ea-44bf-a61a-060ff70accfb,Máy lạnh áp trần DaiKin inverter 3.5HP ( 1 pha ),FHFC85EV1,35hp-fhfc85ev1,may-lanh-ap-tran-daikin-inverter-35hp-1-pha,fhfc85ev1,may-lanh-ap-tran-daikin-inverter-35hp-1-pha-fhfc85ev1
3ec51b80-64cb-48d0-8beb-c3e006888ff5,Máy lạnh áp trần DaiKin inverter 3HP ( 1 pha ),FHA71CVMV,3hp-fha71cvmv,may-lanh-ap-tran-daikin-inverter-3hp-1-pha,fha71cvmv,may-lanh-ap-tran-daikin-inverter-3hp-1-pha-fha71cvmv
2ec94719-1a61-4440-872e-c4b47b1fc409,Máy lạnh áp trần DaiKin inverter 3HP ( 1 pha ),"FHFC71EV1 ",30hp-fhfc71ev1,may-lanh-ap-tran-daikin-inverter-3hp-1-pha,fhfc71ev1,may-lanh-ap-tran-daikin-inverter-3hp-1-pha-fhfc71ev1
3afc0c09-bd77-4848-b8bb-e8d164efb96d,Máy lạnh áp trần DaiKin inverter 4HP ( 1 pha ),FHA100CVMV,4hp-fha100cvmv,may-lanh-ap-tran-daikin-inverter-4hp-1-pha,fha100cvmv,may-lanh-ap-tran-daikin-inverter-4hp-1-pha-fha100cvmv
f48e0b36-f90c-4456-8635-512cd1a686c0,Máy lạnh áp trần DaiKin inverter 4HP ( 1 pha ),FHFC100EV1,40hp-fhfc100ev1,may-lanh-ap-tran-daikin-inverter-4hp-1-pha,fhfc100ev1,may-lanh-ap-tran-daikin-inverter-4hp-1-pha-fhfc100ev1
12cb11fd-6c8e-46c9-b4fc-0d4782cd022e,Máy lạnh áp trần DaiKin inverter 4HP ( 3 pha ),FHA100CVMV,4hp-fha100cvmv-1,may-lanh-ap-tran-daikin-inverter-4hp-3-pha,fha100cvmv,may-lanh-ap-tran-daikin-inverter-4hp-3-pha-fha100cvmv
01fcd580-c064-4156-83fb-3a7a40f525b7,Máy lạnh áp trần DaiKin inverter 5.5HP ( 1 pha ),FHA140CVMA,55hp-fha140cvma,may-lanh-ap-tran-daikin-inverter-55hp-1-pha,fha140cvma,may-lanh-ap-tran-daikin-inverter-55hp-1-pha-fha140cvma
a5fd9166-ef7d-44ee-a1e9-5467e9cd37e0,Máy lạnh áp trần DaiKin inverter 5.5HP ( 3 pha ),FHA140CVMA,55hp-fha140cvma-1,may-lanh-ap-tran-daikin-inverter-55hp-3-pha,fha140cvma,may-lanh-ap-tran-daikin-inverter-55hp-3-pha-fha140cvma
f02aebfa-1f29-48ee-8508-3cb36acf9c7c,Máy lạnh áp trần DaiKin inverter 5HP ( 1 pha ),FHA125CVMA,5hp-fha125cvma-1,may-lanh-ap-tran-daikin-inverter-5hp-1-pha,fha125cvma,may-lanh-ap-tran-daikin-inverter-5hp-1-pha-fha125cvma
b841b9cc-44bf-4b92-a36e-c3d06c6211b8,Máy lạnh áp trần DaiKin inverter 5HP ( 3 pha ),FHA125CVMA,5hp-fha125cvma,may-lanh-ap-tran-daikin-inverter-5hp-3-pha,fha125cvma,may-lanh-ap-tran-daikin-inverter-5hp-3-pha-fha125cvma
2e0683c7-5888-4578-b4c0-d32247a73436,Máy lạnh giấu trần nối ống gió 1.5HP Daikin ( 1 pha ),FDBNQ13MV1V,15hp-fdbnq13mv1v,may-lanh-giau-tran-noi-ong-gio-15hp-daikin-1-pha,fdbnq13mv1v,may-lanh-giau-tran-noi-ong-gio-15hp-daikin-1-pha-fdbnq13mv1v
11e64291-2f5c-482a-83af-71f4e21de833,Máy lạnh giấu trần nối ống gió 1.5HP Daikin inverter ( 1 pha ),"FBFC40DVM9 ",15hp-fbfc40dvm9,may-lanh-giau-tran-noi-ong-gio-15hp-daikin-inverter-1-pha,fbfc40dvm9,may-lanh-giau-tran-noi-ong-gio-15hp-daikin-inverter-1-pha-fbfc40dvm9
68bd19c4-33e8-4341-ac16-8d7cbde1d1fc,Máy lạnh giấu trần nối ống gió 1HP Daikin ( 1 pha ),FDBNQ09MV1V,1hp-fdbnq09mv1v,may-lanh-giau-tran-noi-ong-gio-1hp-daikin-1-pha,fdbnq09mv1v,may-lanh-giau-tran-noi-ong-gio-1hp-daikin-1-pha-fdbnq09mv1v
59c07a9b-3810-4aa5-96c9-9dd94e790fa2,Máy lạnh giấu trần nối ống gió 2.5HP Daikin ( 1 pha ),FDBNQ21MV1V,25hp-fdbnq21mv1v,may-lanh-giau-tran-noi-ong-gio-25hp-daikin-1-pha,fdbnq21mv1v,may-lanh-giau-tran-noi-ong-gio-25hp-daikin-1-pha-fdbnq21mv1v
f6dddc13-af41-4695-b6d6-9e9336e1155f,Máy lạnh giấu trần nối ống gió 2.5HP Daikin inverter ( 1 pha ),FBFC60DVM9,25hp-fbfc60dvm9,may-lanh-giau-tran-noi-ong-gio-25hp-daikin-inverter-1-pha,fbfc60dvm9,may-lanh-giau-tran-noi-ong-gio-25hp-daikin-inverter-1-pha-fbfc60dvm9
528014bc-341a-464b-ba30-513c28dc5336,Máy lạnh giấu trần nối ống gió 2.5HP Daikin inverter ( 1 pha ),FBA60BVMA9,25hp-fba60bvma9,may-lanh-giau-tran-noi-ong-gio-25hp-daikin-inverter-1-pha,fba60bvma9,may-lanh-giau-tran-noi-ong-gio-25hp-daikin-inverter-1-pha-fba60bvma9
13f6f7d4-433c-4db3-b36f-2a34967ed5cd,Máy lạnh giấu trần nối ống gió 2HP Daikin ( 1 pha ),FDBNQ18MV1V,2hp-fdbnq18mv1v,may-lanh-giau-tran-noi-ong-gio-2hp-daikin-1-pha,fdbnq18mv1v,may-lanh-giau-tran-noi-ong-gio-2hp-daikin-1-pha-fdbnq18mv1v
0bde544e-dd38-432e-9f50-8459a509a6d9,Máy lạnh giấu trần nối ống gió 2HP Daikin inverter ( 1 pha ),FBA50BVMA9,20hp-fba50bvma9,may-lanh-giau-tran-noi-ong-gio-2hp-daikin-inverter-1-pha,fba50bvma9,may-lanh-giau-tran-noi-ong-gio-2hp-daikin-inverter-1-pha-fba50bvma9
3485142b-c9f5-4366-b6db-e62579a34ca2,Máy lạnh giấu trần nối ống gió 2HP Daikin inverter ( 1 pha ),FBFC50DVM9,20hp-fbfc50dvm9,may-lanh-giau-tran-noi-ong-gio-2hp-daikin-inverter-1-pha,fbfc50dvm9,may-lanh-giau-tran-noi-ong-gio-2hp-daikin-inverter-1-pha-fbfc50dvm9
5863d6bd-ec72-41fa-8bdc-65d65fb62850,Máy lạnh giấu trần nối ống gió 3.5HP Daikin ( 1 pha ),FDMNQ30MV1,35hp-fdmnq30mv1,may-lanh-giau-tran-noi-ong-gio-35hp-daikin-1-pha,fdmnq30mv1,may-lanh-giau-tran-noi-ong-gio-35hp-daikin-1-pha-fdmnq30mv1
b19d2490-9505-4e05-843c-de0bae1b1ba0,Máy lạnh giấu trần nối ống gió 3.5HP Daikin ( 3 pha ),FDMNQ30MV1,35hp-fdmnq30mv1-1,may-lanh-giau-tran-noi-ong-gio-35hp-daikin-3-pha,fdmnq30mv1,may-lanh-giau-tran-noi-ong-gio-35hp-daikin-3-pha-fdmnq30mv1
1d487ed3-d0fb-4b78-93ec-342a7d89249c,Máy lạnh giấu trần nối ống gió 3.5HP Daikin ( 3 pha ),FDMNQ36MV1,4hp-fdmnq36mv1,may-lanh-giau-tran-noi-ong-gio-35hp-daikin-3-pha,fdmnq36mv1,may-lanh-giau-tran-noi-ong-gio-35hp-daikin-3-pha-fdmnq36mv1
501f9836-7c7e-403f-9bcb-22946bf65596,Máy lạnh giấu trần nối ống gió 3.5HP Daikin inverter ( 1 pha ),FBFC85DVM9,35hp-fbfc85dvm9,may-lanh-giau-tran-noi-ong-gio-35hp-daikin-inverter-1-pha,fbfc85dvm9,may-lanh-giau-tran-noi-ong-gio-35hp-daikin-inverter-1-pha-fbfc85dvm9
6f708546-0e12-446c-9ce5-4ae5e4c70c21,Máy lạnh giấu trần nối ống gió 3.5HP Daikin inverter ( 3 pha ),"FBFC85DVM9 ",35hp-fbfc85dvm9-1,may-lanh-giau-tran-noi-ong-gio-35hp-daikin-inverter-3-pha,fbfc85dvm9,may-lanh-giau-tran-noi-ong-gio-35hp-daikin-inverter-3-pha-fbfc85dvm9
9ac01365-e729-4e51-ba99-881feb53e0c2,Máy lạnh giấu trần nối ống gió 3HP Daikin ( 1 pha ),FDMNQ26MV1,3hp-fdmnq26mv1,may-lanh-giau-tran-noi-ong-gio-3hp-daikin-1-pha,fdmnq26mv1,may-lanh-giau-tran-noi-ong-gio-3hp-daikin-1-pha-fdmnq26mv1
63cb97e0-1fc4-4c2b-a11f-d23b9d03474a,Máy lạnh giấu trần nối ống gió 3HP Daikin ( 3 pha ),FDMNQ26MV1,3hp-fdmnq26mv1-1,may-lanh-giau-tran-noi-ong-gio-3hp-daikin-3-pha,fdmnq26mv1,may-lanh-giau-tran-noi-ong-gio-3hp-daikin-3-pha-fdmnq26mv1
c474b377-df01-4051-8aef-dce81fef35d7,Máy lạnh giấu trần nối ống gió 3HP Daikin inverter ( 1 pha ),FBA71BVMA9,3hp-fba71bvma9-1,may-lanh-giau-tran-noi-ong-gio-3hp-daikin-inverter-1-pha,fba71bvma9,may-lanh-giau-tran-noi-ong-gio-3hp-daikin-inverter-1-pha-fba71bvma9
1ec73519-aec2-41b9-8dd6-94ba5f64865a,Máy lạnh giấu trần nối ống gió 3HP Daikin inverter ( 1 pha ),FBFC71DVM9,30hp-fbfc71dvm9,may-lanh-giau-tran-noi-ong-gio-3hp-daikin-inverter-1-pha,fbfc71dvm9,may-lanh-giau-tran-noi-ong-gio-3hp-daikin-inverter-1-pha-fbfc71dvm9
a22f3267-9d9a-4a63-aa0a-c637a075b2c5,Máy lạnh giấu trần nối ống gió 3HP Daikin inverter ( 3 pha ),FBA71BVMA9,30hp-fba71bvma9,may-lanh-giau-tran-noi-ong-gio-3hp-daikin-inverter-3-pha,fba71bvma9,may-lanh-giau-tran-noi-ong-gio-3hp-daikin-inverter-3-pha-fba71bvma9
9f053214-4a6b-43b5-8356-45d2362693c7,Máy lạnh giấu trần nối ống gió 3HP Daikin inverter ( 3 pha ),FBFC71DVM9,3hp-fbfc71dvm9,may-lanh-giau-tran-noi-ong-gio-3hp-daikin-inverter-3-pha,fbfc71dvm9,may-lanh-giau-tran-noi-ong-gio-3hp-daikin-inverter-3-pha-fbfc71dvm9
82e5a304-fb6c-47ae-8497-c539480a5f5b,Máy lạnh giấu trần nối ống gió 4HP Daikin ( 1 pha ),FDMNQ36MV1,4hp-fdmnq36mv1-1,may-lanh-giau-tran-noi-ong-gio-4hp-daikin-1-pha,fdmnq36mv1,may-lanh-giau-tran-noi-ong-gio-4hp-daikin-1-pha-fdmnq36mv1
adc4d3eb-7fa5-415c-84e6-93e758e16a89,Máy lạnh giấu trần nối ống gió 4HP Daikin inverter ( 1 pha ),FBA100BVMA9,40hp-fba100bvma9,may-lanh-giau-tran-noi-ong-gio-4hp-daikin-inverter-1-pha,fba100bvma9,may-lanh-giau-tran-noi-ong-gio-4hp-daikin-inverter-1-pha-fba100bvma9
ec9a4ed6-2af1-4fa5-9493-94ebb5637f53,Máy lạnh giấu trần nối ống gió 4HP Daikin inverter ( 1 pha ),FBFC100DVM9,40hp-fbfc100dvm9,may-lanh-giau-tran-noi-ong-gio-4hp-daikin-inverter-1-pha,fbfc100dvm9,may-lanh-giau-tran-noi-ong-gio-4hp-daikin-inverter-1-pha-fbfc100dvm9
5625fb65-2723-49fa-8142-553c34946023,Máy lạnh giấu trần nối ống gió 4HP Daikin inverter ( 3 pha ),FBA100BVMA9,4hp-fba100bvma9-1,may-lanh-giau-tran-noi-ong-gio-4hp-daikin-inverter-3-pha,fba100bvma9,may-lanh-giau-tran-noi-ong-gio-4hp-daikin-inverter-3-pha-fba100bvma9
bb3542fd-f788-4d85-96be-6b6770920088,Máy lạnh giấu trần nối ống gió 4HP Daikin inverter ( 3 pha ),FBFC100DVM9,4hp-fbfc100dvm9,may-lanh-giau-tran-noi-ong-gio-4hp-daikin-inverter-3-pha,fbfc100dvm9,may-lanh-giau-tran-noi-ong-gio-4hp-daikin-inverter-3-pha-fbfc100dvm9
bd6d3430-889f-491a-a94a-f2dc7f98138f,Máy lạnh giấu trần nối ống gió 5.5HP Daikin inverter ( 3 pha ),FBFC140DVM9,55hp-fbfc140dvm9,may-lanh-giau-tran-noi-ong-gio-55hp-daikin-inverter-3-pha,fbfc140dvm9,may-lanh-giau-tran-noi-ong-gio-55hp-daikin-inverter-3-pha-fbfc140dvm9
2aeaeb34-b939-4e3f-8ba2-8f2099508a2c,Máy lạnh giấu trần nối ống gió 5HP Daikin inverter ( 1 pha ),FBA125BVMA9,5hp-fba125bvma9-1,may-lanh-giau-tran-noi-ong-gio-5hp-daikin-inverter-1-pha,fba125bvma9,may-lanh-giau-tran-noi-ong-gio-5hp-daikin-inverter-1-pha-fba125bvma9
62b8a5ef-1c1d-4e66-8967-1b3177bcb117,Máy lạnh giấu trần nối ống gió 5HP Daikin inverter ( 3 pha ),FBA125BVMA9,50hp-fba125bvma9,may-lanh-giau-tran-noi-ong-gio-5hp-daikin-inverter-3-pha,fba125bvma9,may-lanh-giau-tran-noi-ong-gio-5hp-daikin-inverter-3-pha-fba125bvma9
938a55c3-f749-49f5-af74-e7fd8f91bad1,Máy lạnh giấu trần nối ống gió 5HP Daikin inverter ( 3 pha ),"FBFC125DVM9 ",5hp-fbfc125dvm9,may-lanh-giau-tran-noi-ong-gio-5hp-daikin-inverter-3-pha,fbfc125dvm9,may-lanh-giau-tran-noi-ong-gio-5hp-daikin-inverter-3-pha-fbfc125dvm9
0bf9f4f1-ca83-45d1-8d72-5a19f26ab5c9,Máy lạnh giấu trần nối ống gió 6HP Daikin inverter ( 1 pha ),FBA140BVMA9,60hp-fba140bvma9,may-lanh-giau-tran-noi-ong-gio-6hp-daikin-inverter-1-pha,fba140bvma9,may-lanh-giau-tran-noi-ong-gio-6hp-daikin-inverter-1-pha-fba140bvma9
7b4b0338-cd6a-472a-bba3-7836c092631f,Máy lạnh giấu trần nối ống gió 6HP Daikin inverter ( 3 pha ),"FBA140BVMA9 ",6hp-fba140bvma9-1,may-lanh-giau-tran-noi-ong-gio-6hp-daikin-inverter-3-pha,fba140bvma9,may-lanh-giau-tran-noi-ong-gio-6hp-daikin-inverter-3-pha-fba140bvma9
eb36bf14-c916-431a-9049-d5d367652a9f,Máy lạnh LG Inverter 1.5Hp ( 1 pha ),IDC12M1,15hp-idc12m1,may-lanh-lg-inverter-15hp-1-pha,idc12m1,may-lanh-lg-inverter-15hp-1-pha-idc12m1
655996d4-ac20-40b9-a120-88c8aedd3f81,Máy lạnh LG Inverter 1.5Hp ( 1 pha ),IDH12M1,15hp-idh12m1,may-lanh-lg-inverter-15hp-1-pha,idh12m1,may-lanh-lg-inverter-15hp-1-pha-idh12m1
6617bf93-61f2-4505-b727-f490e5ae1cac,Máy lạnh LG Inverter 1.5Hp ( 1 pha ),IEC12G2,15hp-iec12g2,may-lanh-lg-inverter-15hp-1-pha,iec12g2,may-lanh-lg-inverter-15hp-1-pha-iec12g2
933a8f06-5932-4d33-a6ef-2719708f656f,Máy lạnh LG Inverter 1.5Hp ( 1 pha ),IPC12M1,15hp-ipc12m1,may-lanh-lg-inverter-15hp-1-pha,ipc12m1,may-lanh-lg-inverter-15hp-1-pha-ipc12m1
09344b97-caa7-4e0b-a151-cdae977e3d3e,Máy lạnh LG Inverter 1Hp ( 1 pha ),IDH09M1,10hp-idh09m1,may-lanh-lg-inverter-1hp-1-pha,idh09m1,may-lanh-lg-inverter-1hp-1-pha-idh09m1
7afaaf95-cc23-4512-830d-5d7d6fd3627c,Máy lạnh LG Inverter 1Hp ( 1 pha ),IDC09M1,10hp-idc09m1,may-lanh-lg-inverter-1hp-1-pha,idc09m1,may-lanh-lg-inverter-1hp-1-pha-idc09m1
0ca7f475-4a98-4317-ac8f-f0eecfb6dd72,Máy lạnh LG Inverter 1Hp ( 1 pha ),IEC09G2,1hp-iec09g2,may-lanh-lg-inverter-1hp-1-pha,iec09g2,may-lanh-lg-inverter-1hp-1-pha-iec09g2
9fac74ab-06d5-4d43-af99-081b1506650c,Máy lạnh LG Inverter 1Hp ( 1 pha ),IPC09M1,10hp-ipc09m1,may-lanh-lg-inverter-1hp-1-pha,ipc09m1,may-lanh-lg-inverter-1hp-1-pha-ipc09m1
748acad6-4f19-4efa-bca9-e04f0c1432cc,Máy lạnh LG Inverter 2.5Hp ( 1 pha ),IEC24M2,25hp-iec24m2,may-lanh-lg-inverter-25hp-1-pha,iec24m2,may-lanh-lg-inverter-25hp-1-pha-iec24m2
88333046-a2d2-447b-ba22-9e59d8b9286d,Máy lạnh LG Inverter 2.5Hp ( 1 pha ),IDH24M1,25hp-idh24m1,may-lanh-lg-inverter-25hp-1-pha,idh24m1,may-lanh-lg-inverter-25hp-1-pha-idh24m1
9dd37c6d-0100-4d4b-a43f-d42d5c7cc884,Máy lạnh LG Inverter 2Hp ( 1 pha ),IDH18M1,2hp-idh18m1,may-lanh-lg-inverter-2hp-1-pha,idh18m1,may-lanh-lg-inverter-2hp-1-pha-idh18m1
120ca427-0ebc-4c78-b8cc-b692b211077e,Máy lạnh LG Inverter 2Hp ( 1 pha ),IDC18M1,2hp-idc18m1,may-lanh-lg-inverter-2hp-1-pha,idc18m1,may-lanh-lg-inverter-2hp-1-pha-idc18m1
92a218b6-e060-44d1-b246-0db9310ac31d,Máy lạnh LG Inverter 2Hp ( 1 pha ),IEC18M2,20hp-iec18m2,may-lanh-lg-inverter-2hp-1-pha,iec18m2,may-lanh-lg-inverter-2hp-1-pha-iec18m2
aa884932-f316-4f7f-a474-951072b4a4ec,Máy lạnh treo tường Daikin 1.5HP - hai chiều Inverter,FTHF35XVMV,15hp-fthf35xvmv,may-lanh-treo-tuong-daikin-15hp---hai-chieu-inverter,fthf35xvmv,may-lanh-treo-tuong-daikin-15hp-hai-chieu-inverter-fthf35xvmv
75c47e42-c39e-4407-9e7f-01ec88daf963,Máy lạnh treo tường Daikin 1.5HP - hai chiều Inverter,FTXM35XVMV,15hp-ftxm35xvmv,may-lanh-treo-tuong-daikin-15hp---hai-chieu-inverter,ftxm35xvmv,may-lanh-treo-tuong-daikin-15hp-hai-chieu-inverter-ftxm35xvmv
88321398-4c39-456b-adc6-1d79dd51bb7c,Máy lạnh treo tường Daikin 1.5HP - hai chiều Inverter,FTXV35QVMV,15hp-ftxv35qvmv,may-lanh-treo-tuong-daikin-15hp---hai-chieu-inverter,ftxv35qvmv,may-lanh-treo-tuong-daikin-15hp-hai-chieu-inverter-ftxv35qvmv
8f509711-8eba-4c52-9365-8ee04107a24b,Máy lạnh treo tường Daikin 1.5HP - một chiều Inverter,FTKY35ZVMV,15hp-ftky35zvmv,may-lanh-treo-tuong-daikin-15hp---mot-chieu-inverter,ftky35zvmv,may-lanh-treo-tuong-daikin-15hp-mot-chieu-inverter-ftky35zvmv
3aad3234-688e-4693-b8e8-83b45cd21e32,Máy lạnh treo tường Daikin 1.5HP - một chiều Inverter,FTKF35ZVMV,15hp-ftkf35zvmv,may-lanh-treo-tuong-daikin-15hp---mot-chieu-inverter,ftkf35zvmv,may-lanh-treo-tuong-daikin-15hp-mot-chieu-inverter-ftkf35zvmv
4f339755-5728-4558-8170-c06dd6d5d0cd,Máy lạnh treo tường Daikin 1.5HP - một chiều Inverter,FTKB35ZVMV,15hp-ftkb35zvmv,may-lanh-treo-tuong-daikin-15hp---mot-chieu-inverter,ftkb35zvmv,may-lanh-treo-tuong-daikin-15hp-mot-chieu-inverter-ftkb35zvmv
103679fe-7efc-4dad-a077-3be001ddbee6,Máy lạnh treo tường Daikin 1.5HP - một chiều Inverter,FTF35XAV1V,15hp-ftf35xav1v,may-lanh-treo-tuong-daikin-15hp---mot-chieu-inverter,ftf35xav1v,may-lanh-treo-tuong-daikin-15hp-mot-chieu-inverter-ftf35xav1v
ec6933c6-2b25-4696-8e39-eb5eb1315e85,Máy lạnh treo tường Daikin 1.5HP - một chiều Inverter,FTHB35ZVMV,15hp-fthb35zvmv,may-lanh-treo-tuong-daikin-15hp---mot-chieu-inverter,fthb35zvmv,may-lanh-treo-tuong-daikin-15hp-mot-chieu-inverter-fthb35zvmv
404cb7c7-55c6-4dbb-9802-e75e0aa0d760,Máy lạnh treo tường Daikin 1.5HP - một chiều Inverter,FTKM35AVMV,15hp-ftkm35avmv,may-lanh-treo-tuong-daikin-15hp---mot-chieu-inverter,ftkm35avmv,may-lanh-treo-tuong-daikin-15hp-mot-chieu-inverter-ftkm35avmv
142b859d-69b7-4629-b2e9-c92acba4e8fc,Máy lạnh treo tường Daikin 1.5HP - một chiều Inverter,FTKZ35VVMV,15hp-ftkz35vvmv,may-lanh-treo-tuong-daikin-15hp---mot-chieu-inverter,ftkz35vvmv,may-lanh-treo-tuong-daikin-15hp-mot-chieu-inverter-ftkz35vvmv
90d00b2e-0fb7-4be7-945c-c9e94f709133,Máy lạnh treo tường Daikin 1HP - hai chiều Inverter,FTXM25XVMV,1hp-ftxm25xvmv,may-lanh-treo-tuong-daikin-1hp---hai-chieu-inverter,ftxm25xvmv,may-lanh-treo-tuong-daikin-1hp-hai-chieu-inverter-ftxm25xvmv
d4bbd752-771c-45f5-a4ad-493f2ee33ac0,Máy lạnh treo tường Daikin 1HP - hai chiều Inverter,FTXV25QVMV,1hp-ftxv25qvmv,may-lanh-treo-tuong-daikin-1hp---hai-chieu-inverter,ftxv25qvmv,may-lanh-treo-tuong-daikin-1hp-hai-chieu-inverter-ftxv25qvmv
271c376a-3bbb-4b23-a448-3be823bff051,Máy lạnh treo tường Daikin 1HP - hai chiều Inverter,FTHF25XVMV,1hp-fthf25xvmv,may-lanh-treo-tuong-daikin-1hp---hai-chieu-inverter,fthf25xvmv,may-lanh-treo-tuong-daikin-1hp-hai-chieu-inverter-fthf25xvmv
de26d891-b953-485d-bbf4-d1c647b7d2ce,Máy lạnh treo tường Daikin 1HP - một chiều Inverter,FTHB25ZVMV,1hp-fthb25zvmv,may-lanh-treo-tuong-daikin-1hp---mot-chieu-inverter,fthb25zvmv,may-lanh-treo-tuong-daikin-1hp-mot-chieu-inverter-fthb25zvmv
fac6de55-9cc1-431f-b0fd-ff33a4d7c797,Máy lạnh treo tường Daikin 1HP - một chiều Inverter,FTKM25AVMV,1hp-ftkm25avmv,may-lanh-treo-tuong-daikin-1hp---mot-chieu-inverter,ftkm25avmv,may-lanh-treo-tuong-daikin-1hp-mot-chieu-inverter-ftkm25avmv
070759ed-8885-445e-93a6-ec09d19c7e17,Máy lạnh treo tường Daikin 1HP - một chiều Inverter,FTKY25ZVMV,1hp-ftky25zvmv,may-lanh-treo-tuong-daikin-1hp---mot-chieu-inverter,ftky25zvmv,may-lanh-treo-tuong-daikin-1hp-mot-chieu-inverter-ftky25zvmv
97d306bc-a922-41d0-bae5-2252b9caecb5,Máy lạnh treo tường Daikin 1HP - một chiều Inverter,FTKF25ZVMV,1hp-ftkf25zvmv,may-lanh-treo-tuong-daikin-1hp---mot-chieu-inverter,ftkf25zvmv,may-lanh-treo-tuong-daikin-1hp-mot-chieu-inverter-ftkf25zvmv
a529a41a-6bbb-4477-8d9a-6a0a0374f259,Máy lạnh treo tường Daikin 1HP - một chiều Inverter,FTKZ25VVMV,1hp-ftkz25vvmv,may-lanh-treo-tuong-daikin-1hp---mot-chieu-inverter,ftkz25vvmv,may-lanh-treo-tuong-daikin-1hp-mot-chieu-inverter-ftkz25vvmv
47782a9e-2c46-456c-b6f9-2a9c51f22ba1,Máy lạnh treo tường Daikin 1HP - một chiều Inverter,FTKB25ZVMV,1hp-ftkb25zvmv,may-lanh-treo-tuong-daikin-1hp---mot-chieu-inverter,ftkb25zvmv,may-lanh-treo-tuong-daikin-1hp-mot-chieu-inverter-ftkb25zvmv
dff6437e-c61e-4dc2-b23b-5a3f436a4e3a,Máy lạnh treo tường Daikin 1HP - một chiều Inverter,FTF25XAV1V,1hp-ftf25xav1v,may-lanh-treo-tuong-daikin-1hp---mot-chieu-inverter,ftf25xav1v,may-lanh-treo-tuong-daikin-1hp-mot-chieu-inverter-ftf25xav1v
4b54c65a-8caa-4629-8910-21bce7bf0683,Máy lạnh treo tường Daikin 2.5HP - hai chiều Inverter,FTXM60XVMV,25hp-ftxm60xvmv,may-lanh-treo-tuong-daikin-25hp---hai-chieu-inverter,ftxm60xvmv,may-lanh-treo-tuong-daikin-25hp-hai-chieu-inverter-ftxm60xvmv
903e1ac3-5209-4947-88a7-bb9c58cd58f6,Máy lạnh treo tường Daikin 2.5HP - hai chiều Inverter,FTHF60VAVMV,25hp-fthf60vavmv,may-lanh-treo-tuong-daikin-25hp---hai-chieu-inverter,fthf60vavmv,may-lanh-treo-tuong-daikin-25hp-hai-chieu-inverter-fthf60vavmv
7f94820e-dc4d-4199-956d-d7bac694000d,Máy lạnh treo tường Daikin 2.5HP - hai chiều Inverter,FTXV60QVMV,25hp-ftxv60qvmv,may-lanh-treo-tuong-daikin-25hp---hai-chieu-inverter,ftxv60qvmv,may-lanh-treo-tuong-daikin-25hp-hai-chieu-inverter-ftxv60qvmv
54ebed8a-e06f-4525-b424-7978ca4020b1,Máy lạnh treo tường Daikin 2.5HP - một chiều Inverter,FTHB60ZVMV,25hp-fthb60zvmv,may-lanh-treo-tuong-daikin-25hp---mot-chieu-inverter,fthb60zvmv,may-lanh-treo-tuong-daikin-25hp-mot-chieu-inverter-fthb60zvmv
0f36aa18-4ebf-4d27-8f65-88380d6bcdc6,Máy lạnh treo tường Daikin 2.5HP - một chiều Inverter,FTKB60ZVMV,25hp-ftkb60zvmv,may-lanh-treo-tuong-daikin-25hp---mot-chieu-inverter,ftkb60zvmv,may-lanh-treo-tuong-daikin-25hp-mot-chieu-inverter-ftkb60zvmv
f16cf22d-894a-48a7-97e9-cdb7389ddca3,Máy lạnh treo tường Daikin 2.5HP - một chiều Inverter,FTKF60ZVMV,25hp-ftkf60zvmv,may-lanh-treo-tuong-daikin-25hp---mot-chieu-inverter,ftkf60zvmv,may-lanh-treo-tuong-daikin-25hp-mot-chieu-inverter-ftkf60zvmv
ff3bf075-ad9b-4527-b9d2-536d27b452af,Máy lạnh treo tường Daikin 2.5HP - một chiều Inverter,FTKY60ZVMV,25hp-ftky60zvmv,may-lanh-treo-tuong-daikin-25hp---mot-chieu-inverter,ftky60zvmv,may-lanh-treo-tuong-daikin-25hp-mot-chieu-inverter-ftky60zvmv
5ae600d6-56b1-425d-b5b2-1865bd453ce2,Máy lạnh treo tường Daikin 2.5HP - một chiều Inverter,FTKZ60VVMV,25hp-ftkz60vvmv,may-lanh-treo-tuong-daikin-25hp---mot-chieu-inverter,ftkz60vvmv,may-lanh-treo-tuong-daikin-25hp-mot-chieu-inverter-ftkz60vvmv
562a056e-820c-403d-ab6c-2c82a44dc86a,Máy lạnh treo tường Daikin 2.5HP - một chiều Inverter,FTKM60AVMV,25hp-ftkm60avmv,may-lanh-treo-tuong-daikin-25hp---mot-chieu-inverter,ftkm60avmv,may-lanh-treo-tuong-daikin-25hp-mot-chieu-inverter-ftkm60avmv
004ed92a-e923-4065-a892-a1e269e50211,Máy lạnh treo tường Daikin 2HP - hai chiều Inverter,FTHF50VAVMV,2hp-fthf50vavmv,may-lanh-treo-tuong-daikin-2hp---hai-chieu-inverter,fthf50vavmv,may-lanh-treo-tuong-daikin-2hp-hai-chieu-inverter-fthf50vavmv
bfcdc083-bbf3-49da-9057-b7b2e114c372,Máy lạnh treo tường Daikin 2HP - hai chiều Inverter,FTXV50QVMV,2hp-ftxv50qvmv,may-lanh-treo-tuong-daikin-2hp---hai-chieu-inverter,ftxv50qvmv,may-lanh-treo-tuong-daikin-2hp-hai-chieu-inverter-ftxv50qvmv
3c17c147-2f75-472e-985f-a3134ac39e32,Máy lạnh treo tường Daikin 2HP - hai chiều Inverter,FTXM50XVMV,2hp-ftxm50xvmv,may-lanh-treo-tuong-daikin-2hp---hai-chieu-inverter,ftxm50xvmv,may-lanh-treo-tuong-daikin-2hp-hai-chieu-inverter-ftxm50xvmv
e789ddc6-8c1b-41b0-a777-c36c3e591313,Máy lạnh treo tường Daikin 2HP - một chiều Inverter,FTKM50AVMV,2hp-ftkm50avmv,may-lanh-treo-tuong-daikin-2hp---mot-chieu-inverter,ftkm50avmv,may-lanh-treo-tuong-daikin-2hp-mot-chieu-inverter-ftkm50avmv
4eb26fbb-e123-4092-ba5f-cd608aa50f90,Máy lạnh treo tường Daikin 2HP - một chiều Inverter,FTHB50ZVMV,2hp-fthb50zvmv,may-lanh-treo-tuong-daikin-2hp---mot-chieu-inverter,fthb50zvmv,may-lanh-treo-tuong-daikin-2hp-mot-chieu-inverter-fthb50zvmv
99ca59ca-cf0e-4f10-b925-26463d4d96ac,Máy lạnh treo tường Daikin 2HP - một chiều Inverter,FTF50XV1V,2hp-ftf50xv1v,may-lanh-treo-tuong-daikin-2hp---mot-chieu-inverter,ftf50xv1v,may-lanh-treo-tuong-daikin-2hp-mot-chieu-inverter-ftf50xv1v
6e3fb90b-6b02-40bc-b7bb-dfe2562e227d,Máy lạnh treo tường Daikin 2HP - một chiều Inverter,FTKY50ZVMV,2hp-ftky50zvmv,may-lanh-treo-tuong-daikin-2hp---mot-chieu-inverter,ftky50zvmv,may-lanh-treo-tuong-daikin-2hp-mot-chieu-inverter-ftky50zvmv
4be1099e-dfe6-4313-9814-764773a137b6,Máy lạnh treo tường Daikin 2HP - một chiều Inverter,FTKZ50VVMV,2hp-ftkz50vvmv,may-lanh-treo-tuong-daikin-2hp---mot-chieu-inverter,ftkz50vvmv,may-lanh-treo-tuong-daikin-2hp-mot-chieu-inverter-ftkz50vvmv
7ef53184-31fd-4eca-8ebd-a5ec191e0074,Máy lạnh treo tường Daikin 2HP - một chiều Inverter,FTKF50ZVMV,2hp-ftkf50zvmv,may-lanh-treo-tuong-daikin-2hp---mot-chieu-inverter,ftkf50zvmv,may-lanh-treo-tuong-daikin-2hp-mot-chieu-inverter-ftkf50zvmv
1122a2d8-0cb5-46fb-8d1b-ae0e68a948fc,Máy lạnh treo tường Daikin 2HP - một chiều Inverter,FTKB50ZVMV,2hp-ftkb50zvmv,may-lanh-treo-tuong-daikin-2hp---mot-chieu-inverter,ftkb50zvmv,may-lanh-treo-tuong-daikin-2hp-mot-chieu-inverter-ftkb50zvmv
6972e92b-acc5-474f-bdf4-d2da8b93dd6b,Máy lạnh treo tường Daikin 3HP - hai chiều Inverter,FTXV71QVMV,3hp-ftxv71qvmv,may-lanh-treo-tuong-daikin-3hp---hai-chieu-inverter,ftxv71qvmv,may-lanh-treo-tuong-daikin-3hp-hai-chieu-inverter-ftxv71qvmv
aeb93b06-fc39-499e-bd3e-9be2983073a3,Máy lạnh treo tường Daikin 3HP - hai chiều Inverter,FTHF71VAVMV,3hp-fthf71vavmv,may-lanh-treo-tuong-daikin-3hp---hai-chieu-inverter,fthf71vavmv,may-lanh-treo-tuong-daikin-3hp-hai-chieu-inverter-fthf71vavmv
0fb4fd84-c483-4ffe-ad50-54d1f489f0b3,Máy lạnh treo tường Daikin 3HP - hai chiều Inverter,FTXM71XVMV,3hp-ftxm71xvmv,may-lanh-treo-tuong-daikin-3hp---hai-chieu-inverter,ftxm71xvmv,may-lanh-treo-tuong-daikin-3hp-hai-chieu-inverter-ftxm71xvmv
ece09769-3b60-4624-b392-65c8a50ee1a5,Máy lạnh treo tường Daikin 3HP - một chiều Inverter,FTKF71ZVMV,30hp-ftkf71zvmv,may-lanh-treo-tuong-daikin-3hp---mot-chieu-inverter,ftkf71zvmv,may-lanh-treo-tuong-daikin-3hp-mot-chieu-inverter-ftkf71zvmv
d3108ad3-508f-44bf-bf4a-a33f85614b4a,Máy lạnh treo tường Daikin 3HP - một chiều Inverter,FTKY71ZVMV,3hp-ftky71zvmv,may-lanh-treo-tuong-daikin-3hp---mot-chieu-inverter,ftky71zvmv,may-lanh-treo-tuong-daikin-3hp-mot-chieu-inverter-ftky71zvmv
5aab67ab-0243-491b-a175-2e5f3133ba5a,Máy lạnh treo tường Daikin 3HP - một chiều Inverter,FTKZ71VVMV,3hp-ftkz71vvmv,may-lanh-treo-tuong-daikin-3hp---mot-chieu-inverter,ftkz71vvmv,may-lanh-treo-tuong-daikin-3hp-mot-chieu-inverter-ftkz71vvmv
194edc80-d279-4f27-95a9-b71d7050dfa9,Máy lạnh treo tường Daikin 3HP - một chiều Inverter,FTKM71AVMV,3hp-ftkm71avmv,may-lanh-treo-tuong-daikin-3hp---mot-chieu-inverter,ftkm71avmv,may-lanh-treo-tuong-daikin-3hp-mot-chieu-inverter-ftkm71avmv
40fe11e8-60d4-48a5-8b37-8ecff7728a0b,Máy lọc không khí (cấp khí tươi) NEW5.350," NEW5.350",new5-350,may-loc-khong-khi-cap-khi-tuoi-new5350,new5350,may-loc-khong-khi-cap-khi-tuoi-new5350-new5350
b67a5d0c-7de1-496d-96c9-60c0750444ed,"Máy lọc không khí và cấp khí tươi, khử nồm, thu hồi nhiệt Q6",Q6,q6,may-loc-khong-khi-va-cap-khi-tuoi-khu-nom-thu-hoi-nhiet-q6,q6,may-loc-khong-khi-va-cap-khi-tuoi-khu-nom-thu-hoi-nhiet-q6-q6
47915cf7-9e00-45b4-84c3-d328ae7f8025,MÁY LỌC NƯỚC RO 3 IN 1 MENRED,M3.C8,m3-c8,may-loc-nuoc-ro-3-in-1-menred,m3c8,may-loc-nuoc-ro-3-in-1-menred-m3c8
958f1e6b-ffe7-4e42-a3c2-49d64a3fe7b3,Máy lọc và cấp khí tươi thu hồi nhiệt G5 bản Full,Smart O2 G5,g5,may-loc-va-cap-khi-tuoi-thu-hoi-nhiet-g5-ban-full,smart-o2-g5,may-loc-va-cap-khi-tuoi-thu-hoi-nhiet-g5-ban-full-smart-o2-g5
d2edf190-a70b-417c-9db1-eea9bdc5a295,Máy lọc và cấp khi tươi thu hồi nhiệt G7,Smart O2 G7,g7,may-loc-va-cap-khi-tuoi-thu-hoi-nhiet-g7,smart-o2-g7,may-loc-va-cap-khi-tuoi-thu-hoi-nhiet-g7-smart-o2-g7
f955f52b-6c7d-4ea1-8e1b-3dc770f9653d,Máy lọc và cấp khí tươi thu hồi nhiệt N5.150A (Ebmpapst),N5.150A (EBMPAPST),n5150a,may-loc-va-cap-khi-tuoi-thu-hoi-nhiet-n5150a-ebmpapst,n5150a-ebmpapst,may-loc-va-cap-khi-tuoi-thu-hoi-nhiet-n5150a-ebmpapst-n5150a-ebmpapst
eb286b48-0f2d-467b-9ea9-28d2278097db,Máy lọc và cấp khí tươi thu hồi nhiệt N5.250A (Ebmpapst),N5.250A (EBMPAPST),n5250a,may-loc-va-cap-khi-tuoi-thu-hoi-nhiet-n5250a-ebmpapst,n5250a-ebmpapst,may-loc-va-cap-khi-tuoi-thu-hoi-nhiet-n5250a-ebmpapst-n5250a-ebmpapst
9dc00da3-f85e-4df6-a65f-ac1c848124cb,Máy lọc và cấp khí tươi thu hồi nhiệt NET 1500,NET 1500,net-1500,may-loc-va-cap-khi-tuoi-thu-hoi-nhiet-net-1500,net-1500,may-loc-va-cap-khi-tuoi-thu-hoi-nhiet-net-1500-net-1500
7c1a845f-3a73-42ee-bd7d-6d048b7acac3,Máy lọc và cấp khí tươi thu hồi nhiệt NET 2000,NET 2000,net-2000,may-loc-va-cap-khi-tuoi-thu-hoi-nhiet-net-2000,net-2000,may-loc-va-cap-khi-tuoi-thu-hoi-nhiet-net-2000-net-2000
0c78ca2d-a990-45ab-ba8b-cea493a9387f,Máy lọc và cấp khí tươi thu hồi nhiệt NET.1000," NET.1000",net-1000,may-loc-va-cap-khi-tuoi-thu-hoi-nhiet-net1000,net1000,may-loc-va-cap-khi-tuoi-thu-hoi-nhiet-net1000-net1000
10ad3a49-8fdc-404c-951f-db522adf68fe,Máy lọc và cấp khí tươi thu hồi nhiệt NET.2500,NET.2500,net-2500,may-loc-va-cap-khi-tuoi-thu-hoi-nhiet-net2500,net2500,may-loc-va-cap-khi-tuoi-thu-hoi-nhiet-net2500-net2500
cad5695d-53ad-47b3-b10f-f9ebe9f7f305,Máy lọc và cấp khí tươi thu hồi nhiệt NET.3000,NET.3000,net-3000,may-loc-va-cap-khi-tuoi-thu-hoi-nhiet-net3000,net3000,may-loc-va-cap-khi-tuoi-thu-hoi-nhiet-net3000-net3000
db8f9514-53ef-426c-9f97-89793c9fc450,Máy lọc và cấp khí tươi thu hồi nhiệt NET.5000,NET.5000,net-5000,may-loc-va-cap-khi-tuoi-thu-hoi-nhiet-net5000,net5000,may-loc-va-cap-khi-tuoi-thu-hoi-nhiet-net5000-net5000
e1e2e16b-e08b-4f8e-b75e-50ecd162a2af,Máy lọc và cấp khí tươi thu hồi nhiệt NET.800," NET.800",net-800,may-loc-va-cap-khi-tuoi-thu-hoi-nhiet-net800,net800,may-loc-va-cap-khi-tuoi-thu-hoi-nhiet-net800-net800
9264d1dc-89e9-4fc6-9cb1-fb6f8ef22ef1,Máy lọc và cấp khí tươi thu hồi nhiệt NET.8000,NET.8000,net-8000,may-loc-va-cap-khi-tuoi-thu-hoi-nhiet-net8000,net8000,may-loc-va-cap-khi-tuoi-thu-hoi-nhiet-net8000-net8000
cbfb666d-327c-411d-b8ef-223403ffbdd7,Máy lọc và cấp khí tươi thu hồi nhiệt P5- CLS4.0E," P5- CLS4.0E",p5-cls40e,may-loc-va-cap-khi-tuoi-thu-hoi-nhiet-p5--cls40e,p5--cls40e,may-loc-va-cap-khi-tuoi-thu-hoi-nhiet-p5-cls40e-p5-cls40e
d496ac46-0120-47b8-9b24-10612009f915,Máy lọc và cấp khí tươi thu hồi nhiệt P7- CLS4.0E,P7- CLS4.0E,p7,may-loc-va-cap-khi-tuoi-thu-hoi-nhiet-p7--cls40e,p7--cls40e,may-loc-va-cap-khi-tuoi-thu-hoi-nhiet-p7-cls40e-p7-cls40e
3f722cc2-cbcc-4941-a37f-e929d35834fc,Máy lọc và cấp khí tươi thu hồi nhiệt R150- CLS 4.0E - AQI2000.PM2.5+CO2+RH.S,"R150- CLS 4.0E ",r150-cls-40e,may-loc-va-cap-khi-tuoi-thu-hoi-nhiet-r150--cls-40e---aqi2000pm25co2rhs,r150--cls-40e,may-loc-va-cap-khi-tuoi-thu-hoi-nhiet-r150-cls-40e-aqi2000pm25co2rhs-r150-cls-40e
b7006080-01cc-4752-ba45-3970acdeb565,Máy lọc và cấp khí tươi thu hồi nhiệt R250- CLS 4.0E - AQI2000.PM2.5+CO2+RH.S," R250- CLS 4.0E ",r250-cls-40e,may-loc-va-cap-khi-tuoi-thu-hoi-nhiet-r250--cls-40e---aqi2000pm25co2rhs,r250--cls-40e,may-loc-va-cap-khi-tuoi-thu-hoi-nhiet-r250-cls-40e-aqi2000pm25co2rhs-r250-cls-40e
d8f91095-ec45-4c19-a3fa-66ca57b0c2de,Máy lọc và cấp khí tươi thu hồi nhiệt R350- CLS 4.0E - AQI2000.PM2.5+CO2+RH.S," R350- CLS 4.0E",r350-cls-40e,may-loc-va-cap-khi-tuoi-thu-hoi-nhiet-r350--cls-40e---aqi2000pm25co2rhs,r350--cls-40e,may-loc-va-cap-khi-tuoi-thu-hoi-nhiet-r350-cls-40e-aqi2000pm25co2rhs-r350-cls-40e
3f788513-b9bb-44bd-aea7-7761651f59bf,Máy lọc và cấp khí tươi thu hồi nhiệt S5- CLS4.0E,S5 - CLS4.0E,s5-cls40e,may-loc-va-cap-khi-tuoi-thu-hoi-nhiet-s5--cls40e,s5---cls40e,may-loc-va-cap-khi-tuoi-thu-hoi-nhiet-s5-cls40e-s5-cls40e
1922486a-450a-4b1a-846b-c7c186fbdee3,Máy lọc và cấp khí tươi thu hồi nhiệt Smart O2 G3 bản Full,O2 G3 BẢN FULL,o2-g3,may-loc-va-cap-khi-tuoi-thu-hoi-nhiet-smart-o2-g3-ban-full,o2-g3-ban-full,may-loc-va-cap-khi-tuoi-thu-hoi-nhiet-smart-o2-g3-ban-full-o2-g3-ban-full
9d2c57a6-6deb-4964-89f8-8dfb6b75185c,Module tạo ẩm HUM35,HUM35,hum35,module-tao-am-hum35,hum35,module-tao-am-hum35-hum35
ba2dd113-e130-49df-9d8b-027e9a4260b9,"Ống cấp gió tươi chuyên dụng HPDE 2 lớp kháng khuẩn, kháng nấm",ONGGIO,onggio,ong-cap-gio-tuoi-chuyen-dung-hpde-2-lop-khang-khuan-khang-nam,onggio,ong-cap-gio-tuoi-chuyen-dung-hpde-2-lop-khang-khuan-khang-nam-onggio